{
    "shared_item_grid": {
        "type": "itemgrid",
        "h_alignment": "center",
        "item_margin": "1,2",
        "rows": [
            [ "melody_lola", "prison_key", "large_roast", "diamond_block", "melody_wind", "inca_statue_a", "inca_statue_b", "mine_key_a", "mine_key_b" ],
            [ "elevator_key", "melody_memory", "crystal_ball", "purity_stone", "mu_key", "hope_statue", "rama_statue", "magic_dust", "letter_lance" ],
            [ "necklace", "will", "apple", "mushroom_drop", "teapot", "black_glasses", "gorgon_flower", "letter_lola", "journal" ],
            [ "hieroglyph_count", "hieroglyph_a", "hieroglyph_b", "hieroglyph_c", "hieroglyph_d", "hieroglyph_e", "hieroglyph_f", "aura", "crystal_ring" ],
            [ "psycho_dash", "psycho_slide", "spin_dash", "dark_friar", "aura_barrier", "earthquaker", "", "herb", "red_jewel" ],
            [ "kara_place", "save_kara", "mystic_statue_1", "mystic_statue_2", "mystic_statue_3", "mystic_statue_4", "mystic_statue_5", "mystic_statue_6", "go_mode" ]
        ]
    },
    "tracker_capture_item": {
        "type": "container",
        "content": {
            "type": "itemgrid",
            "h_alignment": "center",
            "item_margin": "1,2",
            "rows": [
                [ "melody_lola", "prison_key", "large_roast", "diamond_block", "melody_wind", "inca_statue_a", "inca_statue_b", "mine_key_a", "mine_key_b" ],
				[ "elevator_key", "melody_memory", "crystal_ball", "purity_stone", "mu_key", "hope_statue", "rama_statue", "magic_dust", "letter_lance" ],
				[ "necklace", "will", "apple", "mushroom_drop", "teapot", "black_glasses", "gorgon_flower", "letter_lola", "journal" ],
				[ "hieroglyph_count", "hieroglyph_a", "hieroglyph_b", "hieroglyph_c", "hieroglyph_d", "hieroglyph_e", "hieroglyph_f", "aura", "crystal_ring" ],
				[ "psycho_dash", "psycho_slide", "spin_dash", "dark_friar", "aura_barrier", "earthquaker", "", "herb", "red_jewel" ],
				[ "kara_place", "save_kara", "mystic_statue_1", "mystic_statue_2", "mystic_statue_3", "mystic_statue_4", "mystic_statue_5", "mystic_statue_6", "go_mode" ]
            ]
        }
    },
    "tracker_default": {
		"type": "container",
		"background": "#212121",
		"content": {
			"type": "dock",
			"dropshadow": true,
			"content": [
				{
					"type": "dock",
					"dock": "left",
					"h_alignment": "left",
					"v_alignment": "stretch",
					"margin": "0,0,3,0",
					"content": [
						{
							"type": "group",
							"header": "Items",
							"dock": "top",
							"content": {
								"type": "layout",
								"key": "shared_item_grid"
							}
						},
						{
							"type": "group",
							"header": "Settings",
							"dock": "top",
							"content": {
								"type": "layout",
								"key": "options_grid"
							}
						},
						{
							"type": "dock",
							"dock": "bottom",
							"content": [
								{
									"type": "group",
									"header": "Pinned Locations",
									"content": {
										"type": "recentpins",
										"style": "wrap",
										"h_alignment": "stretch",
										"v_alignment": "stretch",
										"orientation": "vertical",
										"compact": true
									}
								}
							]
						}
					]
				},
				{
					"type": "tabbed",
					"tabs": [
						{
							"title": "World Map",
							"content": {
								"type": "map",
								"maps": [
									"world"
								]
							}
						},
						{
							"title": "South West",
							"content": {
								"type": "tabbed",
								"tabs": [
									{
										"title": "Continent",
										"content": {
											"type": "map",
											"maps": [
												"south_west"
											]
										}
									},
									{
										"title": "South Cape",
										"content": {
											"type": "map",
											"maps": [
												"south_cape"
											]
										}
									}
								]
							}
						},
						{
							"title": "South East",
							"content": {
								"type": "map",
								"maps": [
									"south_east"
								]
							}
						},
						{
							"title": "North East",
							"content": {
								"type": "map",
								"maps": [
									"north_east"
								]
							}
						},
						{
							"title": "North",
							"content": {
								"type": "map",
								"maps": [
									"north"
								]
							}
						},
						{
							"title": "North West",
							"content": {
								"type": "map",
								"maps": [
									"north_west"
								]
							}
						},
						{
							"title": "Babel",
							"content": {
								"type": "map",
								"maps": [
									"babel"
								]
							}
						}
					]
				}
			]
		}
    },
    "tracker_right_map": {
        "type": "container",
		"background": "#212121",
		"content": {
			"type": "dock",
			"dropshadow": true,
			"content": [
				{
					"type": "dock",
					"dock": "left",
					"h_alignment": "left",
					"v_alignment": "stretch",
					"margin": "0,0,3,0",
					"content": [
						{
							"type": "group",
							"header": "Items",
							"dock": "top",
							"content": {
								"type": "layout",
								"key": "shared_item_grid"
							}
						},
						{
							"type": "group",
							"header": "Settings",
							"dock": "top",
							"content": {
								"type": "layout",
								"key": "options_grid"
							}
						},
						{
							"type": "dock",
							"dock": "bottom",
							"content": [
								{
									"type": "group",
									"header": "Pinned Locations",
									"content": {
										"type": "recentpins",
										"style": "wrap",
										"h_alignment": "stretch",
										"v_alignment": "stretch",
										"orientation": "vertical",
										"compact": true
									}
								}
							]
						}
					]
				},
				{
					"type": "tabbed",
					"tabs": [
						{
							"title": "World Map",
							"content": {
								"type": "map",
								"maps": [
									"world"
								]
							}
						},
						{
							"title": "South West",
							"content": {
								"type": "tabbed",
								"tabs": [
									{
										"title": "Continent",
										"content": {
											"type": "map",
											"maps": [
												"south_west"
											]
										}
									},
									{
										"title": "South Cape",
										"content": {
											"type": "map",
											"maps": [
												"south_cape"
											]
										}
									}
								]
							}
						},
						{
							"title": "South East",
							"content": {
								"type": "map",
								"maps": [
									"south_east"
								]
							}
						},
						{
							"title": "North East",
							"content": {
								"type": "map",
								"maps": [
									"north_east"
								]
							}
						},
						{
							"title": "North",
							"content": {
								"type": "map",
								"maps": [
									"north"
								]
							}
						},
						{
							"title": "North West",
							"content": {
								"type": "map",
								"maps": [
									"north_west"
								]
							}
						},
						{
							"title": "Babel",
							"content": {
								"type": "map",
								"maps": [
									"babel"
								]
							}
						}
					]
				}
			]
		}
	}
}