[
	// South East Continent
    {
        "name": "South East Continent",
        "group": "South East Continent",
		"chest_unopened_img": "images/icons/chest_unopened.png",
		"chest_opened_img": "images/icons/chest_opened.png",
		"access_rules": [
			"@logic/south-east continent"
		],
        "children": [
			// Diamond Coast
			{
				"name": "Diamond Coast",
				"sections": [
					{
						"name": "City",
						"clear_as_group": false,
						"item_count": 1
					}
				],
				"map_locations": [
					{
						"map": "world",
						"x": 590,
						"y": 860
					}
				]
			},
			
			// Freejia
			{
				"name": "Freejia",
				"sections": [
					{
						"name": "City",
						"clear_as_group": false,
						"item_count": 5
					}
				],
				"map_locations": [
					{
						"map": "world",
						"x": 580,
						"y": 715
					}
				],
				"children": [
					{
						"name": "Freejia - Dark Spaces",
						"chest_unopened_img": "images/icons/dark_space.png",
						"chest_opened_img": "images/icons/dark_space_visited.png",
						"access_rules": [ "setting_dark_spaces_all" ],
						"sections": [
							{
								"name": "City",
								"item_count": 1
							}
						],
						"map_locations": [
							{
								"map": "world",
								"x": 620,
								"y": 715
							}
						]
					}
				]
			}
		]
	}
]