[
	// South East Continent
    {
        "name": "South East Continent",
        "group": "South East Continent",
		"chest_unopened_img": "images/icons/chest_unopened.png",
		"chest_opened_img": "images/icons/chest_opened.png",
		"access_rules": [
			"@logic/south-east continent"
		],
        "children": [
			// Diamond Mine
			{
				"name": "Diamond Mine",
				"sections": [
					{
						"name": "Entrance",
						"clear_as_group": false,
						"item_count": 1
					},
					{
						"name": "Buried Miner",
						"clear_as_group": false,
						"access_rules": [
							"@logic/will ability"
						],
						"item_count": 1
					},
					{
						"name": "Alone Miner",
						"clear_as_group": false,
						"access_rules": [
							"dark_friar",
							"spin_dash"
						],
						"item_count": 1
					},
					{
						"name": "Bottom",
						"clear_as_group": false,
						"access_rules": [
							"elevator_key"
						],
						"item_count": 2
					},
					{
						"name": "Samlet",
						"clear_as_group": false,
						"access_rules": [
							"@logic/mine keys"
						],
						"item_count": 1
					}
				],
				"map_locations": [
					{
						"map": "world",
						"x": 810,
						"y": 810
					}
				],
				"children": [
					{
						"name": "Diamond Mine - Dark Spaces",
						"chest_unopened_img": "images/icons/dark_space.png",
						"chest_opened_img": "images/icons/dark_space_visited.png",
						"access_rules": [ "setting_dark_spaces_dungeons", "setting_dark_spaces_all" ],
						"sections": [
							{
								"name": "Buried Miner Room",
								"item_count": 1
							},
							{
								"name": "Room Below Alone Miner's",
								"item_count": 1
							},
							{
								"name": "Secret Room",
								"access_rules": [
									"@logic/will ability"
								],
								"item_count": 1
							}
						],
						"map_locations": [
							{
								"map": "world",
								"x": 850,
								"y": 810
							}
						]
					},
					{
						"name": "Diamond Mine - Kara's Paint",
						"access_rules": [
							"kara_diamond_mine"
						],
						"sections": [
							{
								"name": "Kara's Paint",
								"access_rules": [
									"@logic/mine keys, magic_dust"
								],
								"hosted_item": "save_kara"
							}
						],
						"map_locations": [
							{
								"map": "world",
								"x": 810,
								"y": 770
							}
						]
					}
				]
			},	

			// Sky Garden
			{
				"name": "Sky Garden",
				"chest_unopened_img": "images/icons/chest_unopened.png",
				"chest_opened_img": "images/icons/chest_opened.png",
				"sections": [
					{
						"name": "East",
						"clear_as_group": false,
						"item_count": 3
					},
					{
						"name": "West",
						"clear_as_group": false,
						"access_rules": [
							"dark_friar",
							"aura_barrier"
						],
						"item_count": 2
					},
					{
						"name": "South East",
						"clear_as_group": false,
						"access_rules": [
							"dark_friar"
						],
						"item_count": 1
					},
					{
						"name": "South West - Top",
						"clear_as_group": false,
						"access_rules": [
							"[@logic/will ability]"
						],
						"item_count": 1
					},
					{
						"name": "South West - Below",
						"clear_as_group": false,
						"item_count": 1
					},
					{
						"name": "Viper",
						"access_rules": [ "crystal_ball:4" ],
						"hosted_item": "mystic_statue_2"
					}
				],
				"map_locations": [
					{
						"map": "world",
						"x": 750,
						"y": 630
					}
				],
				"children": [
					{
						"name": "Sky Garden - Dark Spaces",
						"chest_unopened_img": "images/icons/dark_space.png",
						"chest_opened_img": "images/icons/dark_space_visited.png",
						"access_rules": [ "setting_dark_spaces_dungeons", "setting_dark_spaces_all" ],
						"sections": [
							{
								"name": "Entrance",
								"item_count": 1
							},
							{
								"name": "West - Below",
								"item_count": 1
							},
							{
								"name": "South East",
								"item_count": 1
							},
							{
								"name": "South West",
								"access_rules": [
									"[dark_friar]"
								],
								"item_count": 1
							}
						],
						"map_locations": [
							{
								"map": "world",
								"x": 790,
								"y": 630
							}
						]
					}
				]
			},
		]
	}
]