[
	//  North Continent
	{
		"name": "North Continent",
		"group": "North Continent",
		"chest_unopened_img": "images/icons/chest_unopened.png",
		"chest_opened_img": "images/icons/chest_opened.png",
		"access_rules": [
			"@logic/north continent"
		],
		"children": [
		
			// Euro
			{
				"name": "Euro",
				"sections": [
					{
						"name": "Ann",
						"clear_as_group": false,
						"access_rules": [ "apple" ],
						"item_count": 1
					},
					{
						"name": "City",
						"clear_as_group": false,
						"item_count": 6
					}
				],
				"map_locations": [
					{
						"map": "world",
						"x": 450,
						"y": 295
					}
				],
				"children": [
					{
						"name": "Euro - Dark Spaces",
						"chest_unopened_img": "images/icons/dark_space.png",
						"chest_opened_img": "images/icons/dark_space_visited.png",
						"access_rules": [ "setting_dark_spaces_all" ],
						"sections": [
							{
								"name": "City",
								"item_count": 1
							}
						],
						"map_locations": [
							{
								"map": "world",
								"x": 490,
								"y": 295
							}
						]
					}
				]
			},

			// Natives' Village
			{
				"name": "Natives' Village",
				"sections": [
					{
						"name": "City",
						"clear_as_group": false,
						"item_count": 1
					},
					{
						"name": "Statue",
						"clear_as_group": false,
						"access_rules": [ "gorgon_flower" ],
						"item_count": 1
					}
				],
				"map_locations": [
					{
						"map": "world",
						"x": 240,
						"y": 410
					}
				],
				"children": [
					{
						"name": "Natives' Village - Dark Spaces",
						"chest_unopened_img": "images/icons/dark_space.png",
						"chest_opened_img": "images/icons/dark_space_visited.png",
						"access_rules": [ "setting_dark_spaces_all" ],
						"sections": [
							{
								"name": "City",
								"item_count": 1
							}
						],
						"map_locations": [
							{
								"map": "world",
								"x": 280,
								"y": 410
							}
						]
					}
				]
			}					
		]
	}
]