[
	//  North Continent
	{
		"name": "North Continent",
		"group": "North Continent",
		"chest_unopened_img": "images/icons/chest_unopened.png",
		"chest_opened_img": "images/icons/chest_opened.png",
		"access_rules": [
			"@logic/north continent"
		],
		"children": [
		
			// Mt. Temple
			{
				"name": "Mt. Temple",
				"sections": [
					{
						"name": "Entrance",
						"clear_as_group": false,
						"access_rules": [
							"spin_dash"
						],
						"item_count": 2
					},
					{
						"name": "Mushrooms",
						"clear_as_group": false,
						"access_rules": [
							"spin_dash, mushroom_drop:1"
						],
						"item_count": 1
					},
					{
						"name": "Slide",
						"clear_as_group": false,
						"access_rules": [
							"spin_dash, mushroom_drop:2"
						],
						"item_count": 1
					},
					{
						"name": "Summit",
						"clear_as_group": false,
						"access_rules": [
							"spin_dash, mushroom_drop:3"
						],
						"item_count": 1
					}
				],
				"map_locations": [
					{
						"map": "world",
						"x": 510,
						"y": 180
					}
				],
				"children": [
					{
						"name": "Mt. Temple - Dark Spaces",
						"chest_unopened_img": "images/icons/dark_space.png",
						"chest_opened_img": "images/icons/dark_space_visited.png",
						"access_rules": [ "setting_dark_spaces_dungeons", "setting_dark_spaces_all" ],
						"sections": [
							{
								"name": "Ascent Start",
								"clear_as_group": false,
								"access_rules": [
									"spin_dash"
								],
								"item_count": 2
							},
							{
								"name": "Slide",
								"access_rules": [
									"spin_dash, mushroom_drop:2"
								],
								"item_count": 1
							}
						],
						"map_locations": [
							{
								"map": "world",
								"x": 550,
								"y": 180
							}
						]
					},
					{
						"name": "Mount Temple - Kara's Paint",
						"access_rules": [
							"kara_mount_kress"
						],
						"sections": [
							{
								"name": "Kara's Paint",
								"access_rules": [
									"spin_dash, mushroom_drop:3, magic_dust"
								],
								"hosted_item": "save_kara"
							}
						],
						"map_locations": [
							{
								"map": "world",
								"x": 510,
								"y": 140
							}
						]
					}
				]
			},
			
			// Ankor Wat
			{
				"name": "Ankor Wat",
				"sections": [
					{
						"name": "Entrance",
						"clear_as_group": false,
						"item_count": 1
					},
					{
						"name": "Entrance - Sides",
						"clear_as_group": false,
						"access_rules": [
							"psycho_slide, spin_dash"
						],
						"item_count": 1
					},
					{
						"name": "Garden - Left room",
						"clear_as_group": false,
						"access_rules": [
							"@logic/ankor garden"
						],
						"item_count": 1
					},
					{
						"name": "Inner Garden",
						"clear_as_group": false,
						"access_rules": [
							"@logic/ankor garden"
						],
						"item_count": 1
					},
					{
						"name": "Main Hall",
						"clear_as_group": false,
						"access_rules": [
							"@logic/ankor garden, [black_glasses]"
						],
						"item_count": 3
					}
				],
				"map_locations": [
					{
						"map": "world",
						"x": 290,
						"y": 330
					}
				],
				"children": [
					{
						"name": "Ankor Wat - Dark Spaces",
						"chest_unopened_img": "images/icons/dark_space.png",
						"chest_opened_img": "images/icons/dark_space_visited.png",
						"access_rules": [ "setting_dark_spaces_dungeons", "setting_dark_spaces_all" ],
						"sections": [
							{
								"name": "Garden - Entrance",
								"access_rules": [
									"psycho_slide, spin_dash"
								],
								"item_count": 1
							},
							{
								"name": "Earthquaker Dark Space",
								"access_rules": [
									"psycho_slide, spin_dash, dark_friar",
									"psycho_slide, spin_dash, aura"
								],
								"item_count": 1
							},
							{
								"name": "Main Hall",
								"access_rules": [
									"@logic/ankor garden, [black_glasses]"
								],
								"item_count": 1
							}
						],
						"map_locations": [
							{
								"map": "world",
								"x": 330,
								"y": 330
							}
						]
					},
					{
						"name": "Ankor Wat - Kara's Paint",
						"access_rules": [
							"kara_ankor_wat"
						],
						"sections": [
							{
								"name": "Kara's Paint",
								"access_rules": [
									"@logic/ankor garden, [black_glasses], magic_dust"
								],
								"hosted_item": "save_kara"
							}
						],
						"map_locations": [
							{
								"map": "world",
								"x": 290,
								"y": 290
							}
						]
					}
				]
			}
		]
	}
]