[
	//  North East Continent
    {
        "name": "North East Continent",
        "group": "North East Continent",
		"chest_unopened_img": "images/icons/chest_unopened.png",
		"chest_opened_img": "images/icons/chest_opened.png",
        "access_rules": [
			"@logic/north-east continent"
		],
        "children": [

			// Angel Village
			{
				"name": "Angel Village",
				"sections": [
					{
						"name": "City",
						"clear_as_group": false,
						"item_count": 1
					}
				],
				"map_locations": [
					{
						"map": "world",
						"x": 860,
						"y": 345
					}
				],
				"children": [
					{
						"name": "Angel - Village Dark Spaces",
						"chest_unopened_img": "images/icons/dark_space.png",
						"chest_opened_img": "images/icons/dark_space_visited.png",
						"access_rules": [ "setting_dark_spaces_all" ],
						"sections": [
							{
								"name": "City",
								"item_count": 1
							}
						],
						"map_locations": [
							{
								"map": "world",
								"x": 900,
								"y": 345
							}
						]
					}
				]
			},
	
			// Watermia
			{
				"name": "Watermia",
				"sections": [
					{
						"name": "City",
						"clear_as_group": false,
						"item_count": 4
					}
				],
				"map_locations": [
					{
						"map": "world",
						"x": 720,
						"y": 420
					}
				],
				"children": [
					{
						"name": "Watermia - Dark Spaces",
						"chest_unopened_img": "images/icons/dark_space.png",
						"chest_opened_img": "images/icons/dark_space_visited.png",
						"access_rules": [ "setting_dark_spaces_all" ],
						"sections": [
							{
								"name": "City",
								"item_count": 1
							}
						],
						"map_locations": [
							{
								"map": "world",
								"x": 760,
								"y": 420
							}
						]
					}
				]
			}
		]
	}
]