[
	//  North East Continent
    {
        "name": "North East Continent",
        "group": "North East Continent",
		"chest_unopened_img": "images/icons/chest_unopened.png",
		"chest_opened_img": "images/icons/chest_opened.png",
        "access_rules": [
			"@logic/north-east continent"
		],
        "children": [
			// Mu
			{
				"name": "Mu",
				"sections": [
					{
						"name": "Higher Level",
						"clear_as_group": false,
						"item_count": 3
					},
					{
						"name": "Middle Level",
						"clear_as_group": false,
						"access_rules": [ "psycho_slide, hope_statue:1" ],
						"item_count": 1
					},
					{
						"name": "Lower Level",
						"clear_as_group": false,
						"access_rules": [ "hope_statue:2" ],
						"item_count": 3
					},
					{
						"name": "Vampires",
						"access_rules": [ "hope_statue:2, rama_statue:2" ],
						"hosted_item": "mystic_statue_3"
					}
				],
				"map_locations": [
					{
						"map": "world",
						"x": 800,
						"y": 120
					}
				],
				"children": [
					{
						"name": "Mu - Dark Spaces",
						"chest_unopened_img": "images/icons/dark_space.png",
						"chest_opened_img": "images/icons/dark_space_visited.png",
						"access_rules": [ "setting_dark_spaces_dungeons", "setting_dark_spaces_all" ],
						"sections": [
							{
								"name": "Middle Level",
								"clear_as_group": false,
								"access_rules": [ "hope_statue:1" ],
								"item_count": 2
							}
						],
						"map_locations": [
							{
								"map": "world",
								"x": 840,
								"y": 120
							}
						]
					}
				]
			},
	
			// Angel Dungeon
			{
				"name": "Angel Dungeon",
				"sections": [
					{
						"name": "Dark Cave",
						"clear_as_group": false,
						"access_rules": [ "psycho_slide" ],
						"item_count": 5
					}
				],
				"map_locations": [
					{
						"map": "world",
						"x": 940,
						"y": 345
					}
				],
				"children": [
					{
						"name": "Angel Dungeon - Kara's Paint",
						"access_rules": [
							"kara_angel_dungeon"
						],
						"sections": [
							{
								"name": "Kara's Paint",
								"access_rules": [
									"psycho_slide, magic_dust"
								],
								"hosted_item": "save_kara"
							}
						],
						"map_locations": [
							{
								"map": "world",
								"x": 940,
								"y": 305
							}
						]
					}
				]
			},
	
			// Great Wall
			{
				"name": "Great Wall",
				"sections": [
					{
						"name": "Entrance",
						"clear_as_group": false,
						"item_count": 1
					},
					{
						"name": "Fall Down",
						"clear_as_group": false,
						"item_count": 2
					},
					{
						"name": "Slide",
						"clear_as_group": false,
						"item_count": 1
					},
					{
						"name": "Sand Fanger",
						"access_rules": [
							"spin_dash, dark_friar"
						],
						"hosted_item": "mystic_statue_4"
					}
				],
				"map_locations": [
					{
						"map": "world",
						"x": 650,
						"y": 280
					}
				],
				"children": [
					{
						"name": "Great Wall - Dark Spaces",
						"chest_unopened_img": "images/icons/dark_space.png",
						"chest_opened_img": "images/icons/dark_space_visited.png",
						"access_rules": [ "setting_dark_spaces_dungeons", "setting_dark_spaces_all" ],
						"sections": [
							{
								"name": "Slide",
								"access_rules": [
									"setting_mode_completable",
									"setting_mode_beatable",
									"@logic/chaos, [spin_dash]",
									"@logic/chaos, [psycho_slide]"
								],
								"item_count": 1
							},
							{
								"name": "Spin Dash Dark Space",
								"item_count": 1
							},
							{
								"name": "Statues Room",
								"access_rules": [
									"dark_friar"
								],
								"item_count": 1
							}
						],
						"map_locations": [
							{
								"map": "world",
								"x": 690,
								"y": 280
							}
						]
					}
				]
			}
		]
	}
]