[
	{
		"name": "South Cape - Items",
		"chest_unopened_img": "images/icons/chest_unopened.png",
		"chest_opened_img": "images/icons/chest_opened.png",
		"access_rules": [
			"southCape_churchRoof_start",
			"itory_village_start",
			"edwardsPrison_sewer_start",
			"incaRuins_windCliff_start",
			"incaRuins_middleSection_start",
			"@logic_regions/south west"
		],
		"sections": [
			{
				"name": "City",
				"clear_as_group": false,
				"item_count": 4
			}
		],
		"map_locations": [
			{
				"map": "world",
				"x": 190,
				"y": 935
			}//,
			//{
			//	"map": "south_west",
			//	"x": 225,
			//	"y": 485
			//}
		],
		"children": [
			{
				"name": "South Cape - Dark Spaces",
				"chest_unopened_img": "images/icons/dark_space.png",
				"chest_opened_img": "images/icons/dark_space_visited.png",
				"access_rules": [ "setting_dark_spaces_all" ],
				"sections": [
					{
						"name": "Church roof",
						"item_count": 1
					}
				],
				"map_locations": [
					{
						"map": "world",
						"x": 230,
						"y": 935
					}//,
					//{
					//	"map": "south_west",
					//	"x": 265,
					//	"y": 485
					//},
					//{
					//	"map": "south_cape",
					//	"x": 140,
					//	"y": 45
					//}
				]
			}
		]
	},
	
	// Edward's Castle
	{
		"name": "Edward's Castle - Items",
		"chest_unopened_img": "images/icons/chest_unopened.png",
		"chest_opened_img": "images/icons/chest_opened.png",
		"access_rules": [
			"southCape_churchRoof_start",
			"itory_village_start",
			"edwardsPrison_sewer_start",
			"incaRuins_windCliff_start",
			"incaRuins_middleSection_start",
			"@logic_regions/south west"
		],
		"sections": [
			{
				"name": "Castle",
				"clear_as_group": false,
				"item_count": 2
			}
		],
		"map_locations": [
			{
				"map": "world",
				"x": 220,
				"y": 810
			}//,
			//{
			//	"map": "south_west",
			//	"x": 280,
			//	"y": 345
			//}
		],
		"children": [
			{
				"name": "Edward's Castle - Hint",
				"chest_unopened_img": "images/icons/hint.png",
				"chest_opened_img": "images/icons/hint_gotten.png",
				"access_rules": [ "setting_hints_visible" ],
				"sections": [
					{
						"name": "Kara's Guard",
						"item_count": 1
					}
				],
				"map_locations": [
					{
						"map": "world",
						"x": 220,
						"y": 770
					}
				]
			}
		]
	},
	
	// Edward's Prison
	{
		"name": "Edward's Prison - Items",
		"chest_unopened_img": "images/icons/chest_unopened.png",
		"chest_opened_img": "images/icons/chest_opened.png",
		"sections": [
			{
				"name": "Prison",
				"clear_as_group": false,
				"access_rules": [
					"@logic_dungeons/edwards prison - out",
					"@logic_dungeons/edwards prison - in"
				],
				"item_count": 1
			},
			{
				"name": "Tunnel",
				"clear_as_group": false,
				"access_rules": [
					"@logic_dungeons/edwards prison - out, prison_key",
					"@logic_dungeons/edwards prison - in, prison_key"
				],
				"item_count": 2
			},
			{
				"name": "Sewer",
				"clear_as_group": false,
				"access_rules": [
					"@logic_dungeons/edwards prison - out, prison_key, @logic_switches/lily",
					"@logic_dungeons/edwards prison - in"
				],
				"item_count": 2
			}
		],
		"map_locations": [
			{
				"map": "world",
				"x": 260,
				"y": 810
			}//,
			//{
			//	"map": "south_west",
			//	"x": 320,
			//	"y": 345
			//}
		],
	},
	// Edward's Prison
	{
		"name": "Edward's Prison - Dark Spaces",
		"chest_unopened_img": "images/icons/dark_space.png",
		"chest_opened_img": "images/icons/dark_space_visited.png",
		"access_rules": [ "setting_dark_spaces_dungeons", "setting_dark_spaces_all" ],
		"sections": [
			{
				"name": "Prison",
				"access_rules": [
					"@logic_dungeons/edwards prison - out",
					"@logic_dungeons/edwards prison - in"
				],
				"item_count": 1
			},
			{
				"name": "Sewer",
				"access_rules": [
					"@logic_dungeons/edwards prison - out, prison_key, @logic_switches/lily",
					"@logic_dungeons/edwards prison - in"
				],
				"item_count": 1
			}
		],
		"map_locations": [
			{
				"map": "world",
				"x": 300,
				"y": 810
			}//,
			//{
			//	"map": "south_west",
			//	"x": 360,
			//	"y": 345
			//}
		]
	},
	{
		"name": "Edward's Prison - Kara's Paint",
		"access_rules": [
			"kara_edwards_castle"
		],
		"sections": [
			{
				"name": "Kara's Paint",
				"access_rules": [
					"@logic_dungeons/edwards prison - out, prison_key, @logic_switches/lily, magic_dust",
					"@logic_dungeons/edwards prison - in, magic_dust"
				],
				"hosted_item": "save_kara"
			}
		],
		"map_locations": [
			{
				"map": "world",
				"x": 260,
				"y": 770
			}//,
			//{
			//	"map": "south_west",
			//	"x": 320,
			//	"y": 305
			//}
		]
	},
	
	// Itory
	{
		"name": "Itoryville - Items",
		"chest_unopened_img": "images/icons/chest_unopened.png",
		"chest_opened_img": "images/icons/chest_opened.png",
		"access_rules": [
			"southCape_churchRoof_start, melody_lola",
			"itory_village_start",
			"edwardsPrison_sewer_start, melody_lola",
			"incaRuins_windCliff_start, melody_lola",
			"incaRuins_middleSection_start, melody_lola",
			"@logic_regions/south west, melody_lola"
		],
		"map_locations": [
			{
				"map": "world",
				"x": 185,
				"y": 680
			}//,
			//{
			//	"map": "south_west",
			//	"x": 215,
			//	"y": 190
			//}
		],
		"sections": [
			{
				"name": "City",
				"clear_as_group": false,
				"item_count": 1
			},
			{
				"name": "Cave",
				"clear_as_group": false,
				"access_rules": [ 
					"$oneWillAbility"
				],
				"item_count": 1
			}
		],
		"children": [
			{
				"name": "Itoryville - Dark Spaces",
				"chest_unopened_img": "images/icons/dark_space.png",
				"chest_opened_img": "images/icons/dark_space_visited.png",
				"access_rules": [ "setting_dark_spaces_all" ],
				"sections": [
					{
						"name": "City",
						"item_count": 1
					}
				],
				"map_locations": [
					{
						"map": "world",
						"x": 225,
						"y": 680
					}//,
					//{
					//	"map": "south_west",
					//	"x": 255,
					//	"y": 190
					//}
				]
			},
			{
				"name": "Itoryville - Hint",
				"chest_unopened_img": "images/icons/hint.png",
				"chest_opened_img": "images/icons/hint_gotten.png",
				"access_rules": [ "setting_hints_visible" ],
				"sections": [
					{
						"name": "Elder",
						"item_count": 1
					}
				],
				"map_locations": [
					{
						"map": "world",
						"x": 225,
						"y": 640
					}
				]
			}
		]
	},
	
	// Moon Tribe
	{
		"name": "Moon Tribe - Items",
		"chest_unopened_img": "images/icons/chest_unopened.png",
		"chest_opened_img": "images/icons/chest_opened.png",
		"map_locations": [
			{
				"map": "world",
				"x": 145,
				"y": 585
			}//,
			//{
			//	"map": "south_west",
			//	"x": 140,
			//	"y": 80
			//}
		],
		"sections": [
			{
				"name": "Trial",
				"clear_as_group": false,
				"access_rules": [
					"southCape_churchRoof_start, [$oneWillAbility]",
					"itory_village_start, [$oneWillAbility]",
					"edwardsPrison_sewer_start, [$oneWillAbility]",
					"incaRuins_windCliff_start, [$oneWillAbility]",
					"incaRuins_middleSection_start, [$oneWillAbility]",
					"@logic_regions/south west, [$oneWillAbility]"
				],
				"item_count": 1
			}
		]
	},
	
	// Incan Ruins
	{
		"name": "Incan Ruins - Items",
		"short_name": "Inca",
		"chest_unopened_img": "images/icons/chest_unopened.png",
		"chest_opened_img": "images/icons/chest_opened.png",
		"map_locations": [
			{
				"map": "world",
				"x": 285,
				"y": 630
			}//,
			//{
			//	"map": "south_west",
			//	"x": 350,
			//	"y": 135
			//}
		],
		"sections": [
			{
				"name": "Entrance",
				"clear_as_group": false,
				"access_rules": [
					"@logic_dungeons/inca ruins - out",
					"@logic_dungeons/inca ruins - in"
				],
				"item_count": 1
			},
			{
				"name": "Cliffs",
				"clear_as_group": false,
				"access_rules": [
					"@logic_dungeons/inca ruins - out, diamond_block, $oneWillAbility",
					"@logic_dungeons/inca ruins - in"
				],
				"item_count": 4
			},
			{
				"name": "Castoth",
				"access_rules": [
					"@logic_dungeons/inca ruins - out, $incaDungeon",
					"@logic_dungeons/inca ruins - in, $incaStartDungeon"
				],
				"hosted_item": "mystic_statue_1"
			}
		],
	},
	// Incan Ruins
	{
		"name": "Incan Ruins - Dark Spaces",
		"chest_unopened_img": "images/icons/dark_space.png",
		"chest_opened_img": "images/icons/dark_space_visited.png",
		"access_rules": [ "setting_dark_spaces_dungeons", "setting_dark_spaces_all" ],
		"sections": [
			{
				"name": "Wind Cliff",
				"access_rules": [
					"@logic_dungeons/inca ruins - out, diamond_block, $oneWillAbility",
					"@logic_dungeons/inca ruins - in"
				],
				"item_count": 1
			},
			{
				"name": "Middle Section",
				"access_rules": [
					"@logic_dungeons/inca ruins - out, diamond_block, $oneWillAbility",
					"@logic_dungeons/inca ruins - in"
				],
				"item_count": 1
			},
			{
				"name": "Pedestals Cliff",
				"access_rules": [
					"@logic_dungeons/inca ruins - out, diamond_block, $oneWillAbility, melody_wind",
					"@logic_dungeons/inca ruins - in, melody_wind"
				],
				"item_count": 1
			}
		],
		"map_locations": [
			{
				"map": "world",
				"x": 325,
				"y": 630
			}//,
			//{
			//	"map": "south_west",
			//	"x": 390,
			//	"y": 135
			//}
		]
	},
	
	// Gold Ship
	{
		"name": "Gold Ship - Items",
		"chest_unopened_img": "images/icons/chest_unopened.png",
		"chest_opened_img": "images/icons/chest_opened.png",
		"access_rules": [
			"southCape_churchRoof_start, $incaDungeon",
			"itory_village_start, $incaDungeon",
			"edwardsPrison_sewer_start, $incaDungeon",
			"incaRuins_windCliff_start, $incaStartDungeon",
			"incaRuins_middleSection_start, $incaStartDungeon",
			"@logic_regions/south west, $incaDungeon"
		],
		"sections": [
			{
				"name": "Ship",
				"clear_as_group": false,
				"item_count": 1
			}
		],
		"map_locations": [
			{
				"map": "world",
				"x": 365,
				"y": 630
			}//,
			//{
			//	"map": "south_west",
			//	"x": 430,
			//	"y": 135
			//}
		],
		"children": [
			{
				"name": "Gold Ship - Hint",
				"chest_unopened_img": "images/icons/hint.png",
				"chest_opened_img": "images/icons/hint_gotten.png",
				"access_rules": [ "setting_hints_visible" ],
				"sections": [
					{
						"name": "Inca Queen",
						"item_count": 1
					}
				],
				"map_locations": [
					{
						"map": "world",
						"x": 365,
						"y": 590
					}
				]
			}
		]
	}
]