[
	//  North Continent
    {
        "name": "North Continent",
        "group": "North Continent",
		"chest_unopened_img": "images/icons/chest_unopened.png",
		"chest_opened_img": "images/icons/chest_opened.png",
		"access_rules": [
			"euro_hotel_start",
			"mtTemple_Entrance_start",
			"mtTemple_room4_start",
			"nativesVillage_outdoor_start",
			"ankorWat_gardenEntrance_start",
			"ankorWat_mainHall_start",
			"dao_emptyHouse_start",
			"pyramid_entranceDown_start",
			"babel_top_start",
			"@logic_regions/north"
		],
        "children": [
			// Euro
			{
				"name": "Euro",
				"sections": [
					{
						"name": "Ann",
						"clear_as_group": false,
						"access_rules": [
							"apple"
						],
						"item_count": 1
					},
					{
						"name": "City",
						"clear_as_group": false,
						"item_count": 6
					}
				],
				"map_locations": [
					{
						"map": "world",
						"x": 450,
						"y": 295
					}
				],
				"children": [
					{
						"name": "Euro - Dark Spaces",
						"chest_unopened_img": "images/icons/dark_space.png",
						"chest_opened_img": "images/icons/dark_space_visited.png",
						"access_rules": [ "setting_dark_spaces_all" ],
						"sections": [
							{
								"name": "City",
								"item_count": 1
							}
						],
						"map_locations": [
							{
								"map": "world",
								"x": 490,
								"y": 295
							}
						]
					},
					{
						"name": "Euro - Hint",
						"chest_unopened_img": "images/icons/hint.png",
						"chest_opened_img": "images/icons/hint_gotten.png",
						"access_rules": [ "setting_hints_visible" ],
						"sections": [
							{
								"name": "Erasquez",
								"item_count": 1
							}
						],
						"map_locations": [
							{
								"map": "world",
								"x": 490,
								"y": 255
							}
						]
					}
				]
			},
			// Natives' Village
			{
				"name": "Natives' Village",
				"sections": [
					{
						"name": "City",
						"clear_as_group": false,
						"item_count": 1
					},
					{
						"name": "Statue",
						"clear_as_group": false,
						"access_rules": [
							"gorgon_flower"
						],
						"item_count": 1
					}
				],
				"map_locations": [
					{
						"map": "world",
						"x": 240,
						"y": 410
					}
				],
				"children": [
					{
						"name": "Natives' Village - Dark Spaces",
						"chest_unopened_img": "images/icons/dark_space.png",
						"chest_opened_img": "images/icons/dark_space_visited.png",
						"access_rules": [ "setting_dark_spaces_all" ],
						"sections": [
							{
								"name": "City",
								"item_count": 1
							}
						],
						"map_locations": [
							{
								"map": "world",
								"x": 280,
								"y": 410
							}
						]
					}
				]
			}
		]
	},
	
	// Mt. Temple
	{
		"name": "Mt. Temple - Items",
		"chest_unopened_img": "images/icons/chest_unopened.png",
		"chest_opened_img": "images/icons/chest_opened.png",
		"access_rules": [
			"@logic_dungeons/mt temple - out, spin_dash",
			"mtTemple_Entrance_start",
			"mtTemple_room4_start"
		],
		"sections": [
			{
				"name": "Entrance",
				"clear_as_group": false,
				"item_count": 2
			},
			{
				"name": "Mushrooms",
				"clear_as_group": false,
				"access_rules": [
					"mushroom_drop:1"
				],
				"item_count": 1
			},
			{
				"name": "Slide",
				"clear_as_group": false,
				"access_rules": [
					"mushroom_drop:2"
				],
				"item_count": 1
			},
			{
				"name": "Summit",
				"clear_as_group": false,
				"access_rules": [
					"mushroom_drop:3"
				],
				"item_count": 1
			}
		],
		"map_locations": [
			{
				"map": "world",
				"x": 510,
				"y": 180
			}
		],
		"children": [
			{
				"name": "Mt. Temple - Dark Spaces",
				"chest_unopened_img": "images/icons/dark_space.png",
				"chest_opened_img": "images/icons/dark_space_visited.png",
				"access_rules": [ "setting_dark_spaces_dungeons", "setting_dark_spaces_all" ],
				"sections": [
					{
						"name": "Entrance",
						"item_count": 1
					},
					{
						"name": "Room 4",
						"item_count": 1
					},
					{
						"name": "SlideRoom",
						"access_rules": [
							"mushroom_drop:2"
						],
						"item_count": 1
					}
				],
				"map_locations": [
					{
						"map": "world",
						"x": 550,
						"y": 180
					}
				]
			},
			{
				"name": "Mount Temple - Kara's Paint",
				"access_rules": [
					"kara_mount_kress"
						],
				"sections": [
					{
						"name": "Kara's Paint",
						"access_rules": [
							"mushroom_drop:3, magic_dust"
						],
						"hosted_item": "save_kara"
					}
				],
				"map_locations": [
					{
						"map": "world",
						"x": 510,
						"y": 140
					}
				]
			}
		]
	},
	
	// Ankor Wat - Items
	{
		"name": "Ankor Wat - Items",
		"chest_unopened_img": "images/icons/chest_unopened.png",
		"chest_opened_img": "images/icons/chest_opened.png",
		"sections": [
			{
				"name": "Entrance",
				"clear_as_group": false,
				"access_rules": [
					"@logic_dungeons/ankor - out",
					"ankorWat_gardenEntrance_start",
					"ankorWat_mainHall_start"
				],
				"item_count": 1
			},
			{
				"name": "Entrance - Sides",
				"clear_as_group": false,
				"access_rules": [
					"@logic_dungeons/ankor - out, @logic_dungeons/ankor garden",
					"ankorWat_gardenEntrance_start, @logic_dungeons/ankor garden",
					"ankorWat_mainHall_start, @logic_dungeons/ankor garden"
				],
				"item_count": 1
			},
			{
				"name": "Garden - Left room",
				"clear_as_group": false,
				"access_rules": [
					"@logic_dungeons/ankor - out, @logic_dungeons/ankor garden, @logic_dungeons/ankor main hall",
					"ankorWat_gardenEntrance_start, @logic_dungeons/ankor main hall",
					"ankorWat_mainHall_start"
				],
				"item_count": 1
			},
			{
				"name": "Inner Garden",
				"clear_as_group": false,
				"access_rules": [
					"@logic_dungeons/ankor - out, @logic_dungeons/ankor garden, @logic_dungeons/ankor main hall",
					"ankorWat_gardenEntrance_start, @logic_dungeons/ankor main hall",
					"ankorWat_mainHall_start"
				],
				"item_count": 1
			},
			{
				"name": "Main Hall",
				"clear_as_group": false,
				"access_rules": [
					"@logic_dungeons/ankor - out, @logic_dungeons/ankor garden, @logic_dungeons/ankor main hall, [black_glasses]",
					"ankorWat_gardenEntrance_start, @logic_dungeons/ankor main hall, psycho_slide, [black_glasses]",
					"ankorWat_mainHall_start, psycho_slide, [black_glasses]"
				],
				"item_count": 3
			}
		],
		"map_locations": [
			{
				"map": "world",
				"x": 290,
				"y": 330
			}
		]
	},
	// Ankor Wat - Dark Spaces
	{
		"name": "Ankor Wat - Dark Spaces",
		"chest_unopened_img": "images/icons/dark_space.png",
		"chest_opened_img": "images/icons/dark_space_visited.png",
		"access_rules": [ "setting_dark_spaces_dungeons", "setting_dark_spaces_all" ],
		"sections": [
			{
				"name": "Garden - Entrance",
				"access_rules": [
					"@logic_dungeons/ankor - out, @logic_dungeons/ankor garden",
					"ankorWat_gardenEntrance_start",
					"ankorWat_mainHall_start"
				],
				"item_count": 1
			},
			{
				"name": "Earthquaker Dark Space",
				"access_rules": [
					"@logic_dungeons/ankor - out, @logic_dungeons/ankor garden, @logic_dungeons/ankor earthquaker ds",
					"ankorWat_gardenEntrance_start, @logic_dungeons/ankor earthquaker ds",
					"ankorWat_mainHall_start, @logic_dungeons/ankor earthquaker ds"
				],
				"item_count": 1
			},
			{
				"name": "Main Hall",
				"access_rules": [
					"@logic_dungeons/ankor - out, @logic_dungeons/ankor garden, @logic_dungeons/ankor main hall, [black_glasses]",
					"ankorWat_gardenEntrance_start, @logic_dungeons/ankor main hall, [black_glasses]",
					"ankorWat_mainHall_start"
				],
				"item_count": 1
			}
		],
		"map_locations": [
			{
				"map": "world",
				"x": 330,
				"y": 330
			}
		]
	},
	{
		"name": "Ankor Wat - Kara's Paint",
		"access_rules": [
			"kara_ankor_wat"
		],
		"sections": [
			{
				"name": "Kara's Paint",
				"access_rules": [
					"@logic_dungeons/ankor - out, @logic_dungeons/ankor garden, @logic_dungeons/ankor main hall, [black_glasses], magic_dust",
					"ankorWat_gardenEntrance_start, @logic_dungeons/ankor main hall, psycho_slide, [black_glasses], magic_dust",
					"ankorWat_mainHall_start, psycho_slide, [black_glasses], magic_dust"
				],
				"hosted_item": "save_kara"
			}
		],
		"map_locations": [
			{
				"map": "world",
				"x": 290,
				"y": 290
			}
		]
	},
	{
		"name": "Ankor Wat - Hint",
		"chest_unopened_img": "images/icons/hint.png",
		"chest_opened_img": "images/icons/hint_gotten.png",
		"access_rules": [ "setting_hints_visible" ],
		"sections": [
			{
				"name": "Spirit",
				"access_rules": [
					"@logic_dungeons/ankor - out, @logic_dungeons/ankor garden, @logic_dungeons/ankor main hall, [black_glasses]",
					"ankorWat_gardenEntrance_start, @logic_dungeons/ankor main hall, psycho_slide, [black_glasses]",
					"ankorWat_mainHall_start, psycho_slide, [black_glasses]"
				],
				"item_count": 1
			}
		],
		"map_locations": [
			{
				"map": "world",
				"x": 330,
				"y": 290
			}
		]
	}
]