[
	// West Continent
    {
        "name": "West Continent",
        "group": "West Continent",
		"chest_unopened_img": "images/chest_unopened_img.png",
		"chest_opened_img": "images/chest_opened.png",
        "children": [
			// Edward's Prison
			{
				"name": "Edward's Prison",
				"sections": [
					{
						"name": "Prison",
						"clear_as_group": false,
						"item_count": 1
					},
					{
						"name": "Tunnel",
						"clear_as_group": false,
						"access_rules": [
							"prison_key"
						],
						"item_count": 2
					},
					{
						"name": "Sewer",
						"clear_as_group": false,
						"access_rules": [
							"prison_key, melody_lola, necklace"
						],
						"item_count": 2
					}
				],
				"map_locations": [
					{
						"map": "world",
						"x": 260,
						"y": 810
					}
				],
				"children": [
					{
						"name": "Edward's Prison Dark Spaces",
						"access_rules": [ "setting_dark_spaces_dungeons", "setting_dark_spaces_all" ],
						"sections": [
							{
								"name": "Prison",
								"chest_unopened_img": "images/dark_space.png",
								"chest_opened_img": "images/dark_space_visited.png",
								"item_count": 1
							},
							{
								"name": "Sewer",
								"access_rules": [ "prison_key, melody_lola" ],
								"chest_unopened_img": "images/dark_space.png",
								"chest_opened_img": "images/dark_space_visited.png",
								"item_count": 1
							}
						],
						"map_locations": [
							{
								"map": "world",
								"x": 300,
								"y": 810
							}
						]
					}
				]
			},

			// Incan Ruins
			{
				"name": "Incan Ruins",
				"short_name": "Inca",
				"map_locations": [
					{
						"map": "world",
						"x": 285,
						"y": 630
					}
				],
				"sections": [
					{
						"name": "Entrance",
						"clear_as_group": false,
						"item_count": 1
					},
					{
						"name": "Cliffs",
						"clear_as_group": false,
						"access_rules": [
							"diamond_block, psycho_dash",
							"diamond_block, psycho_slide",
							"diamond_block, spin_dash",
						],
						"item_count": 4
					},
					{
						"name": "Castoth",
						"access_rules": [
							"diamond_block, psycho_dash, melody_wind, inca_statue_a, inca_statue_b",
							"diamond_block, psycho_slide, melody_wind, inca_statue_a, inca_statue_b",
							"diamond_block, spin_dash, melody_wind, inca_statue_a, inca_statue_b"
						],
						"hosted_item": "mystic_statue_1"
					}
				],
				"children": [
					{
						"name": "Incan Ruins Dark Spaces",
						"access_rules": [ "setting_dark_spaces_dungeons", "setting_dark_spaces_all" ],
						"sections": [
							{
								"name": "Cliffs",
								"access_rules": [
									"diamond_block, psycho_dash",
									"diamond_block, psycho_slide",
									"diamond_block, spin_dash"
								],
								"chest_unopened_img": "images/dark_space.png",
								"chest_opened_img": "images/dark_space_visited.png",
								"item_count": 2
							},
							{
								"name": "Pedestals Cliff",
								"access_rules": [
									"diamond_block, psycho_dash, melody_wind",
									"diamond_block, psycho_slide, melody_wind",
									"diamond_block, spin_dash, melody_wind"
								],
								"chest_unopened_img": "images/dark_space.png",
								"chest_opened_img": "images/dark_space_visited.png",
								"item_count": 1
							}
						],
						"map_locations": [
							{
								"map": "world",
								"x": 325,
								"y": 630
							}
						]
					}
				]
			}
		]
	},

	// South East Continent
    {
        "name": "South East Continent",
        "group": "South East Continent",
		"access_rules": [
			"teapot",
			"letter_lola",
			"diamond_block, psycho_dash, melody_wind, inca_statue_a, inca_statue_b",
			"diamond_block, psycho_slide, melody_wind, inca_statue_a, inca_statue_b",
			"diamond_block, spin_dash, melody_wind, inca_statue_a, inca_statue_b"
		],
        "children": [
			// Diamond Mine
			{
				"name": "Diamond Mine",
				"sections": [
					{
						"name": "Entrance",
						"clear_as_group": false,
						"item_count": 1
					},
					{
						"name": "Buried Miner",
						"clear_as_group": false,
						"access_rules": [
							"psycho_dash",
							"psycho_slide",
							"spin_dash"
						],
						"item_count": 1
					},
					{
						"name": "Alone Miner",
						"clear_as_group": false,
						"access_rules": [
							"dark_friar",
							"powerful_friar",
							"spin_dash"
						],
						"item_count": 1
					},
					{
						"name": "Bottom",
						"clear_as_group": false,
						"access_rules": [
							"elevator_key"
						],
						"item_count": 2
					},
					{
						"name": "Samlet",
						"clear_as_group": false,
						"access_rules": [
							"elevator_key, mine_key_a, mine_key_b"
						],
						"item_count": 1
					}
				],
				"map_locations": [
					{
						"map": "world",
						"x": 810,
						"y": 810
					}
				],
				"children": [
					{
						"name": "Diamond Mine Dark Spaces",
						"access_rules": [ "setting_dark_spaces_dungeons", "setting_dark_spaces_all" ],
						"sections": [
							{
								"name": "Buried Miner Room",
								"chest_unopened_img": "images/dark_space.png",
								"chest_opened_img": "images/dark_space_visited.png",
								"item_count": 1
							},
							{
								"name": "Room Below Alone Miner's",
								"chest_unopened_img": "images/dark_space.png",
								"chest_opened_img": "images/dark_space_visited.png",
								"item_count": 1
							},
							{
								"name": "Secret Room",
								"access_rules": [
									"psycho_dash",
									"psycho_slide",
									"spin_dash"
								],
								"chest_unopened_img": "images/dark_space.png",
								"chest_opened_img": "images/dark_space_visited.png",
								"item_count": 1
							}
						],
						"map_locations": [
							{
								"map": "world",
								"x": 850,
								"y": 810
							}
						]
					}
				]
			}
		]
	},
	
    // Sky Garden
    {
        "name": "Sky Garden",
        "access_rules": [
			"teapot"
		],
        "sections": [
            {
                "name": "East",
                "clear_as_group": false,
                "item_count": 3
            },
			{
                "name": "West",
                "clear_as_group": false,
                "access_rules": [
					"dark_friar",
					"powerful_friar"
				],
                "item_count": 2
            },
			{
                "name": "South East",
                "clear_as_group": false,
                "access_rules": [
					"dark_friar",
					"powerful_friar"
				],
                "item_count": 1
            },
			{
                "name": "South West - Top",
                "clear_as_group": false,
				"access_rules": [
					"[dark_friar]",
					"[powerful_friar]",
					"[spin_dash]",
					"[psycho_dash]",
					"[psycho_slider]"
				],
				"item_count": 1
			},
			{
				"name": "South West - Below",
				"clear_as_group": false,
				"item_count": 1
            },
            {
                "name": "Viper",
                "access_rules": [ "crystal_ball:4" ],
                "hosted_item": "mystic_statue_2"
            }
        ],
        "map_locations": [
            {
                "map": "world",
                "x": 750,
                "y": 630
            }
        ],
		"children": [
			{
				"name": "Sky Garden Dark Spaces",
				"access_rules": [ "setting_dark_spaces_dungeons", "setting_dark_spaces_all" ],
				"sections": [
					{
						"name": "Entrance",
						"chest_unopened_img": "images/dark_space.png",
						"chest_opened_img": "images/dark_space_visited.png",
						"item_count": 1
					},
					{
						"name": "West - Below",
						"chest_unopened_img": "images/dark_space.png",
						"chest_opened_img": "images/dark_space_visited.png",
						"item_count": 1
					},
					{
						"name": "South East",
						"chest_unopened_img": "images/dark_space.png",
						"chest_opened_img": "images/dark_space_visited.png",
						"item_count": 1
					},
					{
						"name": "South West",
						"access_rules": [
							"dark_friar",
							"powerful_friar"
						],
						"chest_unopened_img": "images/dark_space.png",
						"chest_opened_img": "images/dark_space_visited.png",
						"item_count": 1
					}
				],
				"map_locations": [
					{
						"map": "world",
						"x": 790,
						"y": 630
					}
				]
			}
		]
    },
	
	//  Seaside Palace
	{
		"name": "Seaside Palace",
		"access_rules": [
			"teapot",
			"letter_lola, mu_key",
			"diamond_block, psycho_dash, melody_wind, inca_statue_a, inca_statue_b, melody_memory, will, mu_key",
			"diamond_block, psycho_slide, melody_wind, inca_statue_a, inca_statue_b, melody_memory, will, mu_key",
			"diamond_block, spin_dash, melody_wind, inca_statue_a, inca_statue_b, melody_memory, will, mu_key"
		],
		"sections": [
			{
				"name": "Palace",
				"clear_as_group": false,
				"item_count": 3
			},
			{
				"name": "Coffin",
				"clear_as_group": false,
				"access_rules": [
					"melody_lola, necklace"
				],
				"item_count": 1
			},
			{
				"name": "Purified Palace",
				"clear_as_group": false,
				"access_rules": [
					"purity_stone"
				],
				"item_count": 1
			}
		],
		"map_locations": [
			{
				"map": "world",
				"x": 900,
				"y": 135
			}
		],
		"children": [
			{
				"name": "Seaside Palace Dark Spaces",
				"access_rules": [ "setting_dark_spaces_dungeons", "setting_dark_spaces_all" ],
				"sections": [
					{
						"name": "Entrance",
						"chest_unopened_img": "images/dark_space.png",
						"chest_opened_img": "images/dark_space_visited.png",
						"item_count": 1
					}
				],
				"map_locations": [
					{
						"map": "world",
						"x": 940,
						"y": 135
					}
				]
			}
		]
	},
	
	// Mu
	{
		"name": "Mu",
		"access_rules": [ "teapot, mu_key", "letter_lola" ],
		"sections": [
			{
				"name": "Higher Level",
				"clear_as_group": false,
				"item_count": 3
			},
			{
				"name": "Middle Level",
				"clear_as_group": false,
				"access_rules": [ "psycho_slide, hope_statue:1" ],
				"item_count": 1
			},
			{
				"name": "Lower Level",
				"clear_as_group": false,
				"access_rules": [ "hope_statue:2" ],
				"item_count": 3
			},
			{
				"name": "Vampires",
				"access_rules": [ "hope_statue:2, rama_statue:2" ],
				"hosted_item": "mystic_statue_3"
			}
		],
		"map_locations": [
			{
				"map": "world",
				"x": 800,
				"y": 120
			}
		],
		"children": [
			{
				"name": "Mu Dark Spaces",
				"access_rules": [ "setting_dark_spaces_dungeons", "setting_dark_spaces_all" ],
				"sections": [
					{
						"name": "Middle Level",
						"access_rules": [ "hope_statue:1" ],
						"chest_unopened_img": "images/dark_space.png",
						"chest_opened_img": "images/dark_space_visited.png",
						"item_count": 2
					}
				],
				"map_locations": [
					{
						"map": "world",
						"x": 840,
						"y": 120
					}
				]
			}
		]
	},
	
	//  North East Continent
    {
        "name": "North East Continent",
        "group": "North East Continent",
        "access_rules": [
			"teapot, mu_key",
			"teapot, melody_memory, will",
			"letter_lola",
			"diamond_block, psycho_dash, melody_wind, inca_statue_a, inca_statue_b, melody_memory, will",
			"diamond_block, psycho_slide, melody_wind, inca_statue_a, inca_statue_b, melody_memory, will",
			"diamond_block, spin_dash, melody_wind, inca_statue_a, inca_statue_b, melody_memory, will"
		],
        "children": [

			// Angel Dungeon
			{
				"name": "Angel Dungeon",
				"sections": [
					{
						"name": "Dark Cave",
						"clear_as_group": false,
						"access_rules": [ "psycho_slide" ],
						"item_count": 5
					}
				],
				"map_locations": [
					{
						"map": "world",
						"x": 940,
						"y": 345
					}
				]
			},
	
			// Great Wall
			{
				"name": "Great Wall",
				"sections": [
					{
						"name": "Entrance",
						"clear_as_group": false,
						"item_count": 1
					},
					{
						"name": "Fall Down",
						"clear_as_group": false,
						"item_count": 2
					},
					{
						"name": "Slide",
						"clear_as_group": false,
						"item_count": 1
					},
					{
						"name": "Sand Fanger",
						"access_rules": [
							"spin_dash, dark_friar",
							"spin_dash, powerful_friar"
						],
						"hosted_item": "mystic_statue_4"
					}
				],
				"map_locations": [
					{
						"map": "world",
						"x": 650,
						"y": 280
					}
				],
				"children": [
					{
						"name": "Great Wall Dark Spaces",
						"access_rules": [ "setting_dark_spaces_dungeons", "setting_dark_spaces_all" ],
						"sections": [
							{
								"name": "Spin Dash Dark Space",
								"chest_unopened_img": "images/dark_space.png",
								"chest_opened_img": "images/dark_space_visited.png",
								"item_count": 1
							},
							{
								"name": "Slide",
								"access_rules": [
									"dark_friar",
									"powerful_friar",
									"spin_dash"
								],
								"chest_unopened_img": "images/dark_space.png",
								"chest_opened_img": "images/dark_space_visited.png",
								"item_count": 1
							},
							{
								"name": "Statues Room",
								"access_rules": [
									"dark_friar",
									"powerful_friar"
								],
								"chest_unopened_img": "images/dark_space.png",
								"chest_opened_img": "images/dark_space_visited.png",
								"item_count": 1
							}
						],
						"map_locations": [
							{
								"map": "world",
								"x": 690,
								"y": 280
							}
						]
					}
				]
			}
		]
	},

	//  North Continent
	{
		"name": "North Continent",
		"group": "North Continent",
		"access_rules": [
			"teapot, melody_memory",
			"teapot, mu_key, will",
			"letter_lola, will",
			"diamond_block, psycho_dash, melody_wind, inca_statue_a, inca_statue_b, melody_memory",
			"diamond_block, psycho_slide, melody_wind, inca_statue_a, inca_statue_b, melody_memory",
			"diamond_block, spin_dash, melody_wind, inca_statue_a, inca_statue_b, melody_memory",
			"diamond_block, psycho_dash, melody_wind, inca_statue_a, inca_statue_b, mu_key, will",
			"diamond_block, psycho_slide, melody_wind, inca_statue_a, inca_statue_b, mu_key, will",
			"diamond_block, spin_dash, melody_wind, inca_statue_a, inca_statue_b, mu_key, will"
		],
		"children": [
		
			// Mt. Temple
			{
				"name": "Mt. Temple",
				"sections": [
					{
						"name": "Entrance",
						"clear_as_group": false,
						"access_rules": [
							"spin_dash"
						],
						"item_count": 2
					},
					{
						"name": "Mushrooms",
						"clear_as_group": false,
						"access_rules": [
							"spin_dash, mushroom_drop:1"
						],
						"item_count": 1
					},
					{
						"name": "Slide",
						"clear_as_group": false,
						"access_rules": [
							"spin_dash, mushroom_drop:2"
						],
						"item_count": 1
					},
					{
						"name": "Submit",
						"clear_as_group": false,
						"access_rules": [
							"spin_dash, mushroom_drop:3"
						],
						"item_count": 1
					}
				],
				"map_locations": [
					{
						"map": "world",
						"x": 510,
						"y": 180
					}
				],
				"children": [
					{
						"name": "Mt. Temple Dark Spaces",
						"access_rules": [ "setting_dark_spaces_dungeons", "setting_dark_spaces_all" ],
						"sections": [
							{
								"name": "Ascent Start",
								"access_rules": [
									"spin_dash"
								],
								"chest_unopened_img": "images/dark_space.png",
								"chest_opened_img": "images/dark_space_visited.png",
								"item_count": 2
							},
							{
								"name": "Slide",
								"access_rules": [
									"spin_dash, mushroom_drop:2"
								],
								"chest_unopened_img": "images/dark_space.png",
								"chest_opened_img": "images/dark_space_visited.png",
								"item_count": 1
							}
						],
						"map_locations": [
							{
								"map": "world",
								"x": 550,
								"y": 180
							}
						]
					}
				]
			},
			
			// Ankor Vat
			{
				"name": "Ankor Vat",
				"sections": [
					{
						"name": "Entrance",
						"clear_as_group": false,
						"item_count": 1
					},
					{
						"name": "Entrance - Sides",
						"clear_as_group": false,
						"access_rules": [
							"psycho_slide, spin_dash"
						],
						"item_count": 1
					},
					{
						"name": "Garden - Entrance",
						"clear_as_group": false,
						"access_rules": [
							"psycho_slide, spin_dash, earthquaker",
							"psycho_slide, spin_dash, powerful_friar",
						],
						"item_count": 1
					},
					{
						"name": "Inner Garden",
						"clear_as_group": false,
						"access_rules": [
							"psycho_slide, spin_dash, earthquaker",
							"psycho_slide, spin_dash, powerful_friar",
						],
						"item_count": 1
					},
					{
						"name": "Main Hall",
						"clear_as_group": false,
						"access_rules": [
							"psycho_slide, spin_dash, earthquaker, black_glasses",
							"psycho_slide, spin_dash, powerful_friar, black_glasses"
						],
						"item_count": 3
					}
				],
				"map_locations": [
					{
						"map": "world",
						"x": 290,
						"y": 330
					}
				],
				"children": [
					{
						"name": "Ankor Vat Dark Spaces",
						"access_rules": [ "setting_dark_spaces_dungeons", "setting_dark_spaces_all" ],
						"sections": [
							{
								"name": "Garden - Entrance",
								"access_rules": [
									"psycho_slide, spin_dash"
								],
								"chest_unopened_img": "images/dark_space.png",
								"chest_opened_img": "images/dark_space_visited.png",
								"item_count": 1
							},
							{
								"name": "Earthquaker Dark Space",
								"access_rules": [
									"psycho_slide, spin_dash, dark_friar",
									"psycho_slide, spin_dash, powerful_friar",
									"psycho_slide, spin_dash, aura"
								],
								"chest_unopened_img": "images/dark_space.png",
								"chest_opened_img": "images/dark_space_visited.png",
								"item_count": 1
							},
							{
								"name": "Main Hall",
								"access_rules": [
									"psycho_slide, spin_dash, earthquaker, black_glasses",
									"psycho_slide, spin_dash, powerful_friar, black_glasses"
								],
								"chest_unopened_img": "images/dark_space.png",
								"chest_opened_img": "images/dark_space_visited.png",
								"item_count": 1
							}
						],
						"map_locations": [
							{
								"map": "world",
								"x": 330,
								"y": 330
							}
						]
					}
				]
			}
		]
	},

	//  North West Continent
	{
		"name": "North West Continent",
		"group": "North West Continent",
		"access_rules": [
			"teapot, mu_key, will, large_roast",
			"teapot, melody_memory",
			"letter_lola, will, large_roast",
			"letter_lola, melody_memory",
			"diamond_block, psycho_dash, melody_wind, inca_statue_a, inca_statue_b, mu_key, will, large_roast",
			"diamond_block, psycho_slide, melody_wind, inca_statue_a, inca_statue_b, mu_key, will, large_roast",
			"diamond_block, spin_dash, melody_wind, inca_statue_a, inca_statue_b, mu_key, will, large_roast",
			"diamond_block, psycho_dash, melody_wind, inca_statue_a, inca_statue_b, melody_memory",
			"diamond_block, psycho_slide, melody_wind, inca_statue_a, inca_statue_b, melody_memory",
			"diamond_block, spin_dash, melody_wind, inca_statue_a, inca_statue_b, melody_memory"
		],
		"children": [
			// Pyramid
			{
				"name": "Pyramid",
				"sections": [
					{
						"name": "Entrance",
						"clear_as_group": false,
						"access_rules": [
							"aura"
						],
						"item_count": 1
					},
					{
						"name": "Zone 1",
						"clear_as_group": false,
						"access_rules": [
							"aura, spin_dash"
						],
						"item_count": 1
					},
					{
						"name": "Zone 2",
						"clear_as_group": false,
						"access_rules": [
							"aura"
						],
						"item_count": 2
					},
					{
						"name": "Zone 3 - Entrance",
						"clear_as_group": false,
						"access_rules": [
							"aura, spin_dash"
						],
						"item_count": 1
					},
					{
						"name": "Zone 3",
						"clear_as_group": false,
						"access_rules": [
							"aura"
						],
						"item_count": 1
					},
					{
						"name": "Zone 4",
						"clear_as_group": false,
						"access_rules": [
							"aura, spin_dash"
						],
						"item_count": 2
					},
					{
						"name": "Zone 5",
						"clear_as_group": false,
						"access_rules": [
							"aura",
							"aura, earthquaker"
						],
						"item_count": 2
					},
					{
						"name": "Zone 6",
						"clear_as_group": false,
						"access_rules": [
							"aura"
						],
						"item_count": 1
					},
					{
						"name": "Mummy Queen",
						"access_rules": [
							"journal, hieroglyph_count:6"
						],
						"hosted_item": "mystic_statue_5"
					}
				],
				"map_locations": [
					{
						"map": "world",
						"x": 110,
						"y": 165
					}
				],
				"children": [
					{
						"name": "Pyramid Dark Spaces",
						"access_rules": [ "setting_dark_spaces_dungeons", "setting_dark_spaces_all" ],
						"sections": [
							{
								"name": "Entrance - Top",
								"chest_unopened_img": "images/dark_space.png",
								"chest_opened_img": "images/dark_space_visited.png",
								"item_count": 1
							},
							{
								"name": "Entrance - Bottom",
								"access_rules": [
									"aura"
								],
								"chest_unopened_img": "images/dark_space.png",
								"chest_opened_img": "images/dark_space_visited.png",
								"item_count": 1
							}
						],
						"map_locations": [
							{
								"map": "world",
								"x": 150,
								"y": 165
							}
						]
					}
				]
			}
		]
	},

	// Babel
	{
		"name": "Babel",
		"access_rules": [
			"teapot, melody_memory",
			"letter_lola, melody_memory",
			"diamond_block, psycho_dash, melody_wind, inca_statue_a, inca_statue_b, melody_memory",
			"diamond_block, psycho_slide, melody_wind, inca_statue_a, inca_statue_b, melody_memory",
			"diamond_block, spin_dash, melody_wind, inca_statue_a, inca_statue_b, melody_memory"
		],
		"sections": [
			{
				"name": "Entrance",
				"clear_as_group": false,
				"item_count": 2
			},
			{
				"name": "Boss Rush",
				"access_rules": [
					"crystal_ring, aura",
					"red_jewel:36, [red_jewel:50], psycho_slider"
				],
				"hosted_item": "mystic_statue_6"
			}
		],
		"map_locations": [
			{
				"map": "world",
				"x": 495,
				"y": 505
			}
		],
		"children": [
			{
				"name": "Babel Dark Spaces",
				"access_rules": [ "setting_dark_spaces_dungeons", "setting_dark_spaces_all" ],
				"sections": [
					{
						"name": "Entrance",
						"chest_unopened_img": "images/dark_space.png",
						"chest_opened_img": "images/dark_space_visited.png",
						"item_count": 1
					},
					{
						"name": "Entrance - Bottom",
						"access_rules": [ "crystal_ring, aura" ],
						"chest_unopened_img": "images/dark_space.png",
						"chest_opened_img": "images/dark_space_visited.png",
						"item_count": 1
					}
				],
				"map_locations": [
					{
						"map": "world",
						"x": 535,
						"y": 505
					}
				]
			}
		]
	},
	
    // Jeweler's Mansion
    {
        "name": "Jeweler's Mansion",
        "access_rules": [
			"red_jewel:36, [red_jewel:50]"
		],
        "sections": [
            {
                "name": "Mansion",
                "clear_as_group": false,
				"access_rules": [
					"psycho_slide"
				],
                "item_count": 1
            },
			{
				"name": "Solid Arm",
			}
        ],
        "map_locations": [
            {
                "map": "world",
                "x": 510,
                "y": 50
            }
        ]
    }
]