[
	// West Continent
    {
        "name": "West Continent",
        "group": "West Continent",
		"chest_unopened_img": "images/icons/chest_unopened.png",
		"chest_opened_img": "images/icons/chest_opened.png",
        "children": [
			// Edward's Prison
			{
				"name": "Edward's Prison",
				"sections": [
					{
						"name": "Prison",
						"clear_as_group": false,
						"item_count": 1
					},
					{
						"name": "Tunnel",
						"clear_as_group": false,
						"access_rules": [
							"prison_key"
						],
						"item_count": 2
					},
					{
						"name": "Sewer",
						"clear_as_group": false,
						"access_rules": [
							"prison_key, @logic/lily"
						],
						"item_count": 2
					}
				],
				"map_locations": [
					{
						"map": "world",
						"x": 260,
						"y": 810
					},
					{
						"map": "south_west",
						"x": 320,
						"y": 345
					}
				],
				"children": [
					{
						"name": "Edward's Prison - Dark Spaces",
						"chest_unopened_img": "images/icons/dark_space.png",
						"chest_opened_img": "images/icons/dark_space_visited.png",
						"access_rules": [ "setting_dark_spaces_dungeons", "setting_dark_spaces_all" ],
						"sections": [
							{
								"name": "Prison",
								"item_count": 1
							},
							{
								"name": "Sewer",
								"access_rules": [ "prison_key, @logic/lily" ],
								"item_count": 1
							}
						],
						"map_locations": [
							{
								"map": "world",
								"x": 300,
								"y": 810
							},
							{
								"map": "south_west",
								"x": 360,
								"y": 345
							}
						]
					},
					{
						"name": "Edward's Prison - Kara's Paint",
						"chest_unopened_img": "images/objectives/kara.png",
						"chest_opened_img": "images/objectives/kara_unknown.png",
						"access_rules": [
							"kara_edwards_castle"
						],
						"sections": [
							{
								"name": "Kara's Paint",
								"access_rules": [
									"prison_key, @logic/lily, magic_dust"
								],
								"item_count": 1
							}
						],
						"map_locations": [
							{
								"map": "world",
								"x": 260,
								"y": 770
							},
							{
								"map": "south_west",
								"x": 320,
								"y": 305
							}
						]
					}
				]
			},

			// Incan Ruins
			{
				"name": "Incan Ruins",
				"short_name": "Inca",
				"map_locations": [
					{
						"map": "world",
						"x": 285,
						"y": 630
					},
					{
						"map": "south_west",
						"x": 350,
						"y": 135
					}
				],
				"sections": [
					{
						"name": "Entrance",
						"clear_as_group": false,
						"item_count": 1
					},
					{
						"name": "Cliffs",
						"clear_as_group": false,
						"access_rules": [
							"diamond_block, @logic/will ability"
						],
						"item_count": 4
					},
					{
						"name": "Castoth",
						"access_rules": [
							"diamond_block, @logic/will ability, melody_wind, @logic/incan statues"
						],
						"hosted_item": "mystic_statue_1"
					}
				],
				"children": [
					{
						"name": "Incan Ruins - Dark Spaces",
						"chest_unopened_img": "images/icons/dark_space.png",
						"chest_opened_img": "images/icons/dark_space_visited.png",
						"access_rules": [ "setting_dark_spaces_dungeons", "setting_dark_spaces_all" ],
						"sections": [
							{
								"name": "Cliffs",
								"clear_as_group": false,
								"access_rules": [
									"diamond_block, @logic/will ability"
								],
								"item_count": 2
							},
							{
								"name": "Pedestals Cliff",
								"access_rules": [
									"diamond_block, @logic/will ability, melody_wind"
								],
								"item_count": 1
							}
						],
						"map_locations": [
							{
								"map": "world",
								"x": 325,
								"y": 630
							},
							{
								"map": "south_west",
								"x": 390,
								"y": 135
							}
						]
					}
				]
			}
		]
	},

	// South East Continent
    {
        "name": "South East Continent",
        "group": "South East Continent",
		"chest_unopened_img": "images/icons/chest_unopened.png",
		"chest_opened_img": "images/icons/chest_opened.png",
		"access_rules": [
			"@logic/south-east continent"
		],
        "children": [
			// Diamond Mine
			{
				"name": "Diamond Mine",
				"sections": [
					{
						"name": "Entrance",
						"clear_as_group": false,
						"item_count": 1
					},
					{
						"name": "Buried Miner",
						"clear_as_group": false,
						"access_rules": [
							"@logic/will ability"
						],
						"item_count": 1
					},
					{
						"name": "Alone Miner",
						"clear_as_group": false,
						"access_rules": [
							"dark_friar",
							"spin_dash"
						],
						"item_count": 1
					},
					{
						"name": "Bottom",
						"clear_as_group": false,
						"access_rules": [
							"elevator_key"
						],
						"item_count": 2
					},
					{
						"name": "Samlet",
						"clear_as_group": false,
						"access_rules": [
							"@logic/mine keys"
						],
						"item_count": 1
					}
				],
				"map_locations": [
					{
						"map": "world",
						"x": 810,
						"y": 810
					}
				],
				"children": [
					{
						"name": "Diamond Mine - Dark Spaces",
						"chest_unopened_img": "images/icons/dark_space.png",
						"chest_opened_img": "images/icons/dark_space_visited.png",
						"access_rules": [ "setting_dark_spaces_dungeons", "setting_dark_spaces_all" ],
						"sections": [
							{
								"name": "Buried Miner Room",
								"item_count": 1
							},
							{
								"name": "Room Below Alone Miner's",
								"item_count": 1
							},
							{
								"name": "Secret Room",
								"access_rules": [
									"@logic/will ability"
								],
								"item_count": 1
							}
						],
						"map_locations": [
							{
								"map": "world",
								"x": 850,
								"y": 810
							}
						]
					},
					{
						"name": "Diamond Mine - Kara's Paint",
						"chest_unopened_img": "images/objectives/kara.png",
						"chest_opened_img": "images/objectives/kara_unknown.png",
						"access_rules": [
							"kara_diamond_mine"
						],
						"sections": [
							{
								"name": "Kara's Paint",
								"access_rules": [
									"@logic/mine keys, magic_dust"
								],
								"item_count": 1
							}
						],
						"map_locations": [
							{
								"map": "world",
								"x": 810,
								"y": 770
							}
						]
					}
				]
			},	

			// Sky Garden
			{
				"name": "Sky Garden",
				"chest_unopened_img": "images/icons/chest_unopened.png",
				"chest_opened_img": "images/icons/chest_opened.png",
				"sections": [
					{
						"name": "East",
						"clear_as_group": false,
						"item_count": 3
					},
					{
						"name": "West",
						"clear_as_group": false,
						"access_rules": [
							"dark_friar"
						],
						"item_count": 2
					},
					{
						"name": "South East",
						"clear_as_group": false,
						"access_rules": [
							"dark_friar"
						],
						"item_count": 1
					},
					{
						"name": "South West - Top",
						"clear_as_group": false,
						"access_rules": [
							"[dark_friar]",
							"[powerful_friar]",
							"[@logic/will ability]"
						],
						"item_count": 1
					},
					{
						"name": "South West - Below",
						"clear_as_group": false,
						"item_count": 1
					},
					{
						"name": "Viper",
						"access_rules": [ "crystal_ball:4" ],
						"hosted_item": "mystic_statue_2"
					}
				],
				"map_locations": [
					{
						"map": "world",
						"x": 750,
						"y": 630
					}
				],
				"children": [
					{
						"name": "Sky Garden - Dark Spaces",
						"chest_unopened_img": "images/icons/dark_space.png",
						"chest_opened_img": "images/icons/dark_space_visited.png",
						"access_rules": [ "setting_dark_spaces_dungeons", "setting_dark_spaces_all" ],
						"sections": [
							{
								"name": "Entrance",
								"item_count": 1
							},
							{
								"name": "West - Below",
								"item_count": 1
							},
							{
								"name": "South East",
								"item_count": 1
							},
							{
								"name": "South West",
								"access_rules": [
									"dark_friar"
								],
								"item_count": 1
							}
						],
						"map_locations": [
							{
								"map": "world",
								"x": 790,
								"y": 630
							}
						]
					}
				]
			},
		]
	},
	
	//  Seaside Palace
	{
		"name": "Seaside Palace",
		"chest_unopened_img": "images/icons/chest_unopened.png",
		"chest_opened_img": "images/icons/chest_opened.png",
		"access_rules": [
			"@logic/seaside palace access"
		],
		"sections": [
			{
				"name": "Palace",
				"clear_as_group": false,
				"item_count": 3
			},
			{
				"name": "Coffin",
				"clear_as_group": false,
				"access_rules": [
					"@logic/lily"
				],
				"item_count": 1
			},
			{
				"name": "Purified Palace",
				"clear_as_group": false,
				"access_rules": [
					"purity_stone"
				],
				"item_count": 1
			}
		],
		"map_locations": [
			{
				"map": "world",
				"x": 900,
				"y": 135
			}
		],
		"children": [
			{
				"name": "Seaside Palace - Dark Spaces",
				"chest_unopened_img": "images/icons/dark_space.png",
				"chest_opened_img": "images/icons/dark_space_visited.png",
				"access_rules": [ "setting_dark_spaces_dungeons", "setting_dark_spaces_all" ],
				"sections": [
					{
						"name": "Entrance",
						"item_count": 1
					}
				],
				"map_locations": [
					{
						"map": "world",
						"x": 940,
						"y": 135
					}
				]
			}
		]
	},
	
	
	//  North East Continent
    {
        "name": "North East Continent",
        "group": "North East Continent",
		"chest_unopened_img": "images/icons/chest_unopened.png",
		"chest_opened_img": "images/icons/chest_opened.png",
        "access_rules": [
			"@logic/north-east continent"
		],
        "children": [
			// Mu
			{
				"name": "Mu",
				"sections": [
					{
						"name": "Higher Level",
						"clear_as_group": false,
						"item_count": 3
					},
					{
						"name": "Middle Level",
						"clear_as_group": false,
						"access_rules": [ "psycho_slide, hope_statue:1" ],
						"item_count": 1
					},
					{
						"name": "Lower Level",
						"clear_as_group": false,
						"access_rules": [ "hope_statue:2" ],
						"item_count": 3
					},
					{
						"name": "Vampires",
						"access_rules": [ "hope_statue:2, rama_statue:2" ],
						"hosted_item": "mystic_statue_3"
					}
				],
				"map_locations": [
					{
						"map": "world",
						"x": 800,
						"y": 120
					}
				],
				"children": [
					{
						"name": "Mu - Dark Spaces",
						"chest_unopened_img": "images/icons/dark_space.png",
						"chest_opened_img": "images/icons/dark_space_visited.png",
						"access_rules": [ "setting_dark_spaces_dungeons", "setting_dark_spaces_all" ],
						"sections": [
							{
								"name": "Middle Level",
								"clear_as_group": false,
								"access_rules": [ "hope_statue:1" ],
								"item_count": 2
							}
						],
						"map_locations": [
							{
								"map": "world",
								"x": 840,
								"y": 120
							}
						]
					}
				]
			},
	
			// Angel Dungeon
			{
				"name": "Angel Dungeon",
				"sections": [
					{
						"name": "Dark Cave",
						"clear_as_group": false,
						"access_rules": [ "psycho_slide" ],
						"item_count": 5
					}
				],
				"map_locations": [
					{
						"map": "world",
						"x": 940,
						"y": 345
					}
				],
				"children": [
					{
						"name": "Angel Dungeon - Kara's Paint",
						"chest_unopened_img": "images/objectives/kara.png",
						"chest_opened_img": "images/objectives/kara_unknown.png",
						"access_rules": [
							"kara_angel_dungeon"
						],
						"sections": [
							{
								"name": "Kara's Paint",
								"access_rules": [
									"psycho_slide, magic_dust"
								],
								"item_count": 1
							}
						],
						"map_locations": [
							{
								"map": "world",
								"x": 940,
								"y": 305
							}
						]
					}
				]
			},
	
			// Great Wall
			{
				"name": "Great Wall",
				"sections": [
					{
						"name": "Entrance",
						"clear_as_group": false,
						"item_count": 1
					},
					{
						"name": "Fall Down",
						"clear_as_group": false,
						"item_count": 2
					},
					{
						"name": "Slide",
						"clear_as_group": false,
						"item_count": 1
					},
					{
						"name": "Sand Fanger",
						"access_rules": [
							"spin_dash, dark_friar"
						],
						"hosted_item": "mystic_statue_4"
					}
				],
				"map_locations": [
					{
						"map": "world",
						"x": 650,
						"y": 280
					}
				],
				"children": [
					{
						"name": "Great Wall - Dark Spaces",
						"chest_unopened_img": "images/icons/dark_space.png",
						"chest_opened_img": "images/icons/dark_space_visited.png",
						"access_rules": [ "setting_dark_spaces_dungeons", "setting_dark_spaces_all" ],
						"sections": [
							{
								"name": "Spin Dash Dark Space",
								"item_count": 1
							},
							{
								"name": "Slide",
								"access_rules": [
									"dark_friar",
									"spin_dash"
								],
								"item_count": 1
							},
							{
								"name": "Statues Room",
								"access_rules": [
									"dark_friar"
								],
								"item_count": 1
							}
						],
						"map_locations": [
							{
								"map": "world",
								"x": 690,
								"y": 280
							}
						]
					}
				]
			}
		]
	},

	//  North Continent
	{
		"name": "North Continent",
		"group": "North Continent",
		"chest_unopened_img": "images/icons/chest_unopened.png",
		"chest_opened_img": "images/icons/chest_opened.png",
		"access_rules": [
			"@logic/north continent"
		],
		"children": [
		
			// Mt. Temple
			{
				"name": "Mt. Temple",
				"sections": [
					{
						"name": "Entrance",
						"clear_as_group": false,
						"access_rules": [
							"spin_dash"
						],
						"item_count": 2
					},
					{
						"name": "Mushrooms",
						"clear_as_group": false,
						"access_rules": [
							"spin_dash, mushroom_drop:1"
						],
						"item_count": 1
					},
					{
						"name": "Slide",
						"clear_as_group": false,
						"access_rules": [
							"spin_dash, mushroom_drop:2"
						],
						"item_count": 1
					},
					{
						"name": "Submit",
						"clear_as_group": false,
						"access_rules": [
							"spin_dash, mushroom_drop:3"
						],
						"item_count": 1
					}
				],
				"map_locations": [
					{
						"map": "world",
						"x": 510,
						"y": 180
					}
				],
				"children": [
					{
						"name": "Mt. Temple - Dark Spaces",
						"chest_unopened_img": "images/icons/dark_space.png",
						"chest_opened_img": "images/icons/dark_space_visited.png",
						"access_rules": [ "setting_dark_spaces_dungeons", "setting_dark_spaces_all" ],
						"sections": [
							{
								"name": "Ascent Start",
								"clear_as_group": false,
								"access_rules": [
									"spin_dash"
								],
								"item_count": 2
							},
							{
								"name": "Slide",
								"access_rules": [
									"spin_dash, mushroom_drop:2"
								],
								"item_count": 1
							}
						],
						"map_locations": [
							{
								"map": "world",
								"x": 550,
								"y": 180
							}
						]
					},
					{
						"name": "Mount Temple - Kara's Paint",
						"chest_unopened_img": "images/objectives/kara.png",
						"chest_opened_img": "images/objectives/kara_unknown.png",
						"access_rules": [
							"kara_mount_kress"
						],
						"sections": [
							{
								"name": "Kara's Paint",
								"access_rules": [
									"spin_dash, mushroom_drop:3, magic_dust"
								],
								"item_count": 1
							}
						],
						"map_locations": [
							{
								"map": "world",
								"x": 510,
								"y": 140
							}
						]
					}
				]
			},
			
			// Ankor Wat
			{
				"name": "Ankor Wat",
				"sections": [
					{
						"name": "Entrance",
						"clear_as_group": false,
						"item_count": 1
					},
					{
						"name": "Entrance - Sides",
						"clear_as_group": false,
						"access_rules": [
							"psycho_slide, spin_dash"
						],
						"item_count": 1
					},
					{
						"name": "Garden - Entrance",
						"clear_as_group": false,
						"access_rules": [
							"@logic/ankor garden"
						],
						"item_count": 1
					},
					{
						"name": "Inner Garden",
						"clear_as_group": false,
						"access_rules": [
							"@logic/ankor garden"
						],
						"item_count": 1
					},
					{
						"name": "Main Hall",
						"clear_as_group": false,
						"access_rules": [
							"@logic/ankor garden, black_glasses"
						],
						"item_count": 3
					}
				],
				"map_locations": [
					{
						"map": "world",
						"x": 290,
						"y": 330
					}
				],
				"children": [
					{
						"name": "Ankor Wat - Dark Spaces",
						"chest_unopened_img": "images/icons/dark_space.png",
						"chest_opened_img": "images/icons/dark_space_visited.png",
						"access_rules": [ "setting_dark_spaces_dungeons", "setting_dark_spaces_all" ],
						"sections": [
							{
								"name": "Garden - Entrance",
								"access_rules": [
									"psycho_slide, spin_dash"
								],
								"item_count": 1
							},
							{
								"name": "Earthquaker Dark Space",
								"access_rules": [
									"psycho_slide, spin_dash, dark_friar",
									"psycho_slide, spin_dash, aura"
								],
								"item_count": 1
							},
							{
								"name": "Main Hall",
								"access_rules": [
									"@logic/ankor garden, black_glasses"
								],
								"item_count": 1
							}
						],
						"map_locations": [
							{
								"map": "world",
								"x": 330,
								"y": 330
							}
						]
					},
					{
						"name": "Ankor Wat - Kara's Paint",
						"chest_unopened_img": "images/objectives/kara.png",
						"chest_opened_img": "images/objectives/kara_unknown.png",
						"access_rules": [
							"kara_ankor_wat"
						],
						"sections": [
							{
								"name": "Kara's Paint",
								"access_rules": [
									"@logic/ankor garden, black_glasses, magic_dust"
								],
								"item_count": 1
							}
						],
						"map_locations": [
							{
								"map": "world",
								"x": 290,
								"y": 290
							}
						]
					}
				]
			}
		]
	},

	//  North West Continent
	{
		"name": "North West Continent",
		"group": "North West Continent",
		"chest_unopened_img": "images/icons/chest_unopened.png",
		"chest_opened_img": "images/icons/chest_opened.png",
		"access_rules": [
			"@logic/north-west continent"
		],
		"children": [
			// Pyramid
			{
				"name": "Pyramid",
				"sections": [
					{
						"name": "Top Dark Space",
						"clear_as_group": false,
						"item_count": 1
					},
					{
						"name": "Entrance",
						"clear_as_group": false,
						"access_rules": [
							"aura"
						],
						"item_count": 1
					},
					{
						"name": "Zone 1",
						"clear_as_group": false,
						"access_rules": [
							"aura, spin_dash"
						],
						"item_count": 1
					},
					{
						"name": "Zone 2",
						"clear_as_group": false,
						"access_rules": [
							"aura"
						],
						"item_count": 2
					},
					{
						"name": "Zone 3 - Entrance",
						"clear_as_group": false,
						"access_rules": [
							"aura, spin_dash"
						],
						"item_count": 1
					},
					{
						"name": "Zone 3",
						"clear_as_group": false,
						"access_rules": [
							"aura"
						],
						"item_count": 1
					},
					{
						"name": "Zone 4",
						"clear_as_group": false,
						"access_rules": [
							"aura, spin_dash"
						],
						"item_count": 2
					},
					{
						"name": "Zone 5",
						"clear_as_group": false,
						"access_rules": [
							"aura"
						],
						"item_count": 2
					},
					{
						"name": "Zone 6",
						"clear_as_group": false,
						"access_rules": [
							"aura"
						],
						"item_count": 1
					},
					{
						"name": "Mummy Queen",
						"access_rules": [
							"journal, hieroglyph_count:6"
						],
						"hosted_item": "mystic_statue_5"
					}
				],
				"map_locations": [
					{
						"map": "world",
						"x": 110,
						"y": 165
					}
				],
				"children": [
					{
						"name": "Pyramid - Dark Spaces",
						"chest_unopened_img": "images/icons/dark_space.png",
						"chest_opened_img": "images/icons/dark_space_visited.png",
						"access_rules": [ "setting_dark_spaces_dungeons", "setting_dark_spaces_all" ],
						"sections": [
							{
								"name": "Entrance - Top",
								"item_count": 1
							},
							{
								"name": "Entrance - Bottom",
								"access_rules": [
									"aura"
								],
								"item_count": 1
							}
						],
						"map_locations": [
							{
								"map": "world",
								"x": 150,
								"y": 165
							}
						]
					}
				]
			}
		]
	},

	// Babel
	{
		"name": "Babel",
		"chest_unopened_img": "images/icons/chest_unopened.png",
		"chest_opened_img": "images/icons/chest_opened.png",
		"access_rules": [
			"@logic/babel access"
		],
		"sections": [
			{
				"name": "Entrance",
				"clear_as_group": false,
				"item_count": 2
			},
			{
				"name": "Boss Rush",
				"access_rules": [
					"crystal_ring, aura",
					"red_jewel:36, [red_jewel:50], psycho_slider"
				],
				"hosted_item": "mystic_statue_6"
			}
		],
		"map_locations": [
			{
				"map": "world",
				"x": 495,
				"y": 505
			},
			{
				"map": "babel",
				"x": 230,
				"y": 165
			}
		],
		"children": [
			{
				"name": "Babel - Dark Spaces",
				"chest_unopened_img": "images/icons/dark_space.png",
				"chest_opened_img": "images/icons/dark_space_visited.png",
				"access_rules": [ "setting_dark_spaces_dungeons", "setting_dark_spaces_all" ],
				"sections": [
					{
						"name": "Entrance",
						"item_count": 1
					},
					{
						"name": "Entrance - Bottom",
						"access_rules": [ "crystal_ring, aura" ],
						"item_count": 1
					}
				],
				"map_locations": [
					{
						"map": "world",
						"x": 535,
						"y": 505
					},
					{
						"map": "babel",
						"x": 310,
						"y": 165
					}
				]
			}
		]
	},
	
    // Jeweler's Mansion
    {
        "name": "Jeweler's Mansion",
		"chest_unopened_img": "images/icons/chest_unopened.png",
		"chest_opened_img": "images/icons/chest_opened.png",
        "access_rules": [
			"red_jewel:36, [red_jewel:50]"
		],
        "sections": [
            {
                "name": "Mansion",
                "clear_as_group": false,
				"access_rules": [
					"psycho_slide"
				],
                "item_count": 1
            },
			{
				"name": "Solid Arm",
			}
        ],
        "map_locations": [
            {
                "map": "world",
                "x": 510,
                "y": 50
            }
        ]
    }
]