[
	// logic
    {
        "name": "logic",
		"sections": [
			{
				"name": "will ability",
				"access_rules": [
					"psycho_dash",
					"psycho_slide",
					"spin_dash"
				],
				"item_count": 1
			},
			{
				"name": "lily",
				"access_rules": [
					"melody_lola, necklace"
				],
				"item_count": 1
			},
			{
				"name": "incan statues",
				"access_rules": [
					"inca_statue_a, inca_statue_b"
				],
				"item_count": 1
			},
			{
				"name": "south-east continent",
				"access_rules": [
					"teapot",
					"letter_lola",
					"diamond_block, @logic/will ability, melody_wind, @logic/incan statues"
				],
				"item_count": 1
			},
			{
				"name": "mine keys",
				"access_rules": [
					"elevator_key, mine_key_a, mine_key_b"
				],
				"item_count": 1
			},
			{
				"name": "seaside palace access",
				"access_rules": [
					"teapot",
					"@logic/south-east continent, crystal_ball:4",
					"@logic/north-east continent, mu_key"
				],
				"item_count": 1
			},
			{
				"name": "north-east continent",
				"access_rules": [
					"letter_lola",
					"@logic/seaside palace access, mu_key",
					"@logic/north continent, will"
				],
				"item_count": 1
			},
			{
				"name": "north continent",
				"access_rules": [
					"@logic/south-east continent, melody_memory",
					"@logic/north-east continent, will",
					"@logic/north-west continent"
				],
				"item_count": 1
			},
			{
				"name": "ankor garden",
				"access_rules": [
					"psycho_slide, spin_dash, earthquaker",
					"psycho_slide, spin_dash, dark_friar, [powerful_friar]"
				],
				"item_count": 1
			},
			{
				"name": "north-west continent",
				"access_rules": [
					"@logic/south-east continent, melody_memory",
					"@logic/north continent, large_roast",
					"red_jewel:36, [red_jewel:50]"
				],
				"item_count": 1
			},
			{
				"name": "babel access",
				"access_rules": [
					"@logic/south-east continent, melody_memory"
				],
				"item_count": 1
			},
			{
				"name": "top babel access",
				"access_rules": [
					"[red_jewel:50], psycho_slide"
				],
				"item_count": 1
			},
			{
				"name": "chaos",
				"access_rules": [
					"setting_mode_chaos"
				],
				"item_count": 1
			}
		]
	}
]