[
	// West Continent
    {
        "name": "West Continent",
        "group": "West Continent",
		"chest_unopened_img": "images/icons/chest_unopened.png",
		"chest_opened_img": "images/icons/chest_opened.png",
        "children": [
			// South Cape
			{
				"name": "South Cape",
				"sections": [
					{
						"name": "City",
						"clear_as_group": false,
						"item_count": 4
					}
				],
				"map_locations": [
					{
						"map": "world",
						"x": 190,
						"y": 935
					},
					{
						"map": "south_west",
						"x": 225,
						"y": 485
					}
				],
				"children": [
					{
						"name": "South Cape - Dark Spaces",
						"chest_unopened_img": "images/icons/dark_space.png",
						"chest_opened_img": "images/icons/dark_space_visited.png",
						"access_rules": [ "setting_dark_spaces_all" ],
						"sections": [
							{
								"name": "City",
								"item_count": 1
							}
						],
						"map_locations": [
							{
								"map": "world",
								"x": 230,
								"y": 935
							},
							{
								"map": "south_west",
								"x": 265,
								"y": 485
							}
						]
					}
				]
			},

			// Edward's Castle
			{
				"name": "Edward's Castle",
				"sections": [
					{
						"name": "Castle",
						"clear_as_group": false,
						"item_count": 2
					}
				],
				"map_locations": [
					{
						"map": "world",
						"x": 220,
						"y": 810
					},
					{
						"map": "south_west",
						"x": 280,
						"y": 345
					}
				]
			},
			
			// Itory
			{
				"name": "Itory",
				"access_rules": [
					"melody_lola"
				],
				"map_locations": [
					{
						"map": "world",
						"x": 185,
						"y": 680
					},
					{
						"map": "south_west",
						"x": 215,
						"y": 190
					}
				],
				"sections": [
					{
						"name": "City",
						"clear_as_group": false,
						"item_count": 1
					},
					{
						"name": "Cave",
						"clear_as_group": false,
						"access_rules": [ 
							"@logic/will ability"
						],
						"item_count": 1
					}
				],
				"children": [
					{
						"name": "Itory - Dark Spaces",
						"chest_unopened_img": "images/icons/dark_space.png",
						"chest_opened_img": "images/icons/dark_space_visited.png",
						"access_rules": [ "setting_dark_spaces_all" ],
						"sections": [
							{
								"name": "City",
								"item_count": 1
							}
						],
						"map_locations": [
							{
								"map": "world",
								"x": 225,
								"y": 680
							},
							{
								"map": "south_west",
								"x": 255,
								"y": 190
							}
						]
					}
				]
			},
			
			// Moon Tribe
			{
				"name": "Moon Tribe",
				"map_locations": [
					{
						"map": "world",
						"x": 145,
						"y": 585
					},
					{
						"map": "south_west",
						"x": 140,
						"y": 80
					}
				],
				"sections": [
					{
						"name": "Trial",
						"clear_as_group": false,
						"item_count": 1
					}
				]
			},
			
			// Gold Ship
			{
				"name": "Gold Ship",
				"map_locations": [
					{
						"map": "world",
						"x": 365,
						"y": 630
					},
					{
						"map": "south_west",
						"x": 430,
						"y": 135
					}
				],
				"sections": [
					{
						"name": "Ship",
						"clear_as_group": false,
						"access_rules": [
							"diamond_block, @logic/will ability, melody_wind, @logic/incan statues"
						],
						"item_count": 1
					}
				]
			}
		]
	},

	// South East Continent
    {
        "name": "South East Continent",
        "group": "South East Continent",
		"chest_unopened_img": "images/icons/chest_unopened.png",
		"chest_opened_img": "images/icons/chest_opened.png",
		"access_rules": [
			"@logic/south-east continent"
		],
        "children": [
			// Diamond Coast
			{
				"name": "Diamond Coast",
				"sections": [
					{
						"name": "City",
						"clear_as_group": false,
						"item_count": 1
					}
				],
				"map_locations": [
					{
						"map": "world",
						"x": 590,
						"y": 860
					}
				]
			},
			
			// Freejia
			{
				"name": "Freejia",
				"sections": [
					{
						"name": "City",
						"clear_as_group": false,
						"item_count": 5
					}
				],
				"map_locations": [
					{
						"map": "world",
						"x": 580,
						"y": 715
					}
				],
				"children": [
					{
						"name": "Freejia - Dark Spaces",
						"chest_unopened_img": "images/icons/dark_space.png",
						"chest_opened_img": "images/icons/dark_space_visited.png",
						"access_rules": [ "setting_dark_spaces_all" ],
						"sections": [
							{
								"name": "City",
								"item_count": 1
							}
						],
						"map_locations": [
							{
								"map": "world",
								"x": 620,
								"y": 715
							}
						]
					}
				]
			}
		]
	},
	
	//  North East Continent
    {
        "name": "North East Continent",
        "group": "North East Continent",
		"chest_unopened_img": "images/icons/chest_unopened.png",
		"chest_opened_img": "images/icons/chest_opened.png",
        "access_rules": [
			"@logic/north-east continent"
		],
        "children": [

			// Angel Village
			{
				"name": "Angel Village",
				"sections": [
					{
						"name": "City",
						"clear_as_group": false,
						"item_count": 1
					}
				],
				"map_locations": [
					{
						"map": "world",
						"x": 860,
						"y": 345
					}
				],
				"children": [
					{
						"name": "Angel - Village Dark Spaces",
						"chest_unopened_img": "images/icons/dark_space.png",
						"chest_opened_img": "images/icons/dark_space_visited.png",
						"access_rules": [ "setting_dark_spaces_all" ],
						"sections": [
							{
								"name": "City",
								"item_count": 1
							}
						],
						"map_locations": [
							{
								"map": "world",
								"x": 900,
								"y": 345
							}
						]
					}
				]
			},
	
			// Watermia
			{
				"name": "Watermia",
				"sections": [
					{
						"name": "City",
						"clear_as_group": false,
						"item_count": 4
					}
				],
				"map_locations": [
					{
						"map": "world",
						"x": 720,
						"y": 420
					}
				],
				"children": [
					{
						"name": "Watermia - Dark Spaces",
						"chest_unopened_img": "images/icons/dark_space.png",
						"chest_opened_img": "images/icons/dark_space_visited.png",
						"access_rules": [ "setting_dark_spaces_all" ],
						"sections": [
							{
								"name": "City",
								"item_count": 1
							}
						],
						"map_locations": [
							{
								"map": "world",
								"x": 760,
								"y": 420
							}
						]
					}
				]
			}
		]
	},

	//  North Continent
	{
		"name": "North Continent",
		"group": "North Continent",
		"chest_unopened_img": "images/icons/chest_unopened.png",
		"chest_opened_img": "images/icons/chest_opened.png",
		"access_rules": [
			"@logic/north continent"
		],
		"children": [
		
			// Euro
			{
				"name": "Euro",
				"sections": [
					{
						"name": "Ann",
						"clear_as_group": false,
						"access_rules": [ "apple" ],
						"item_count": 1
					},
					{
						"name": "City",
						"clear_as_group": false,
						"item_count": 6
					}
				],
				"map_locations": [
					{
						"map": "world",
						"x": 450,
						"y": 295
					}
				],
				"children": [
					{
						"name": "Euro - Dark Spaces",
						"chest_unopened_img": "images/icons/dark_space.png",
						"chest_opened_img": "images/icons/dark_space_visited.png",
						"access_rules": [ "setting_dark_spaces_all" ],
						"sections": [
							{
								"name": "City",
								"item_count": 1
							}
						],
						"map_locations": [
							{
								"map": "world",
								"x": 490,
								"y": 295
							}
						]
					}
				]
			},

			// Natives' Village
			{
				"name": "Natives' Village",
				"sections": [
					{
						"name": "City",
						"clear_as_group": false,
						"item_count": 1
					},
					{
						"name": "Statue",
						"clear_as_group": false,
						"access_rules": [ "gorgon_flower" ],
						"item_count": 1
					}
				],
				"map_locations": [
					{
						"map": "world",
						"x": 240,
						"y": 410
					}
				],
				"children": [
					{
						"name": "Natives' Village - Dark Spaces",
						"chest_unopened_img": "images/icons/dark_space.png",
						"chest_opened_img": "images/icons/dark_space_visited.png",
						"access_rules": [ "setting_dark_spaces_all" ],
						"sections": [
							{
								"name": "City",
								"item_count": 1
							}
						],
						"map_locations": [
							{
								"map": "world",
								"x": 280,
								"y": 410
							}
						]
					}
				]
			}					
		]
	},
	
	//  North West Continent
	{
		"name": "North West Continent",
		"group": "North West Continent",
		"chest_unopened_img": "images/icons/chest_unopened.png",
		"chest_opened_img": "images/icons/chest_opened.png",
		"access_rules": [
			"@logic/north-west continent"
		],
		"children": [
			// Dao
			{
				"name": "Dao",
				"sections": [
					{
						"name": "City",
						"clear_as_group": false,
						"item_count": 4
					}
				],
				"map_locations": [
					{
						"map": "world",
						"x": 125,
						"y": 265
					}
				],
				"children": [
					{
						"name": "Dao - Dark Spaces",
						"chest_unopened_img": "images/icons/dark_space.png",
						"chest_opened_img": "images/icons/dark_space_visited.png",
						"access_rules": [ "setting_dark_spaces_all" ],
						"sections": [
							{
								"name": "City",
								"item_count": 1
							}
						],
						"map_locations": [
							{
								"map": "world",
								"x": 165,
								"y": 265
							}
						]
					}
				]
			}
		]
	},
	
    // Jeweler
    {
        "name": "Jeweler",
		"chest_unopened_img": "images/icons/chest_unopened.png",
		"chest_opened_img": "images/icons/chest_opened.png",
        "access_rules": [ "red_jewel" ],
        "sections": [
            {
                "name": "Gift 1",
                "clear_as_group": false,
				"access_rules": [
					"red_jewel:1, [red_jewel:3]"
				],
                "item_count": 1
            },
			{
                "name": "Gift 2",
                "clear_as_group": false,
				"access_rules": [
					"red_jewel:4, [red_jewel:6]"
				],
                "item_count": 1
            },
			{
                "name": "Gift 3",
                "clear_as_group": false,
				"access_rules": [
					"red_jewel:7, [red_jewel:9]"
				],
                "item_count": 1
            },
			{
                "name": "Gift 4",
                "clear_as_group": false,
				"access_rules": [
					"red_jewel:10, [red_jewel:14]"
				],
                "item_count": 1
            },
			{
                "name": "Gift 5",
                "clear_as_group": false,
				"access_rules": [
					"red_jewel:15, [red_jewel:24]"
				],
                "item_count": 1
            },
			{
                "name": "Gift 6",
                "clear_as_group": false,
				"access_rules": [
					"red_jewel:25, [red_jewel:34]"
				],
                "item_count": 1
            }
        ],
        "map_locations": [
            {
                "map": "world",
                "x": 475,
                "y": 50
            }
        ]
    }
]