[
	// logic : Switches
    {
        "name": "logic_switches",
		"sections": [
			{
				"name": "lily",
				"access_rules": [
					"southCape_churchRoof_start, melody_lola, necklace",
					"itory_village_start, necklace",
					"edwardsPrison_sewer_start, melody_lola, necklace",
					"incaRuins_windCliff_start, melody_lola, necklace",
					"incaRuins_middleSection_start, melody_lola, necklace",
					"@logic_regions/south west, melody_lola, necklace"
				],
				"item_count": 1
			},
			{
				"name": "jeweler mansion",
				"access_rules": [
					"red_jewel:36, [red_jewel:50]"
				]
			}
		]
	}
]