[
	// logic : Transitions
    {
        "name": "logic_transitions",
		"sections": [
			{
				// Transition from South West to South East
				"name": "sw to se",
				"access_rules": [
					"$incaDungeon",
					"active_teapot",
					"letter_lola",
					"$openModeON"
				],
				"item_count": 1
			},
			{
				// Transition from South West to South East
				"name": "inca to se",
				"access_rules": [
					"$incaStartDungeon",
					"active_teapot",
					"letter_lola",
					"$openModeON"
				],
				"item_count": 1
			},
			{
				// Transition from South West to seaside_palace
				"name": "sw to seaside",
				"access_rules": [
					"$incaDungeon, $skyGarden",
					"letter_lola, $skyGarden",
					"active_teapot",
					"$openModeON"
				],
				"item_count": 1
			},
			{
				// Transition from South West to seaside_palace
				"name": "inca to seaside",
				"access_rules": [
					"$incaStartDungeon, $skyGarden",
					"letter_lola, $skyGarden",
					"active_teapot",
					"$openModeON"
				],
				"item_count": 1
			},
			{
				// Transition from South West to North East
				"name": "sw to ne",
				"access_rules": [
					"letter_lola",
					"$openModeON"
				],
				"item_count": 1
			},
			{
				// Transition from South East to South West
				"name": "se to sw",
				"access_rules": [
					"active_teapot",
					"letter_lola",
					"$openModeON"
				],
				"item_count": 1
			},
			{
				// Transition from South East to seaside_palace
				"name": "se to seaside",
				"access_rules": [
					"active_teapot",
					"$openModeON",
					"$skyGarden"
				],
				"item_count": 1
			},
			{
				// Transition from South East to North East
				"name": "se to ne",
				"access_rules": [
					"$skyGarden, mu_key",
					"active_teapot, mu_key",
					"letter_lola",
					"$openModeON"
				],
				"item_count": 1
			},
			{
				// Transition from South East to North
				"name": "se to n",
				"access_rules": [
					"active_memory",
					"$openModeON"
				],
				"item_count": 1
			},
			{
				// Transition from South East to North West
				"name": "se to nw",
				"access_rules": [
					"active_memory",
					"$openModeON"
				],
				"item_count": 1
			},
			{
				// Transition to babel
				"name": "to babel",
				"access_rules": [
					"active_memory",
					"$openModeON"
				],
				"item_count": 1
			},
			{
				// Transition from North East to North
				"name": "ne to n",
				"access_rules": [
					"will",
					"$openModeON"
				],
				"item_count": 1
			},
			{
				// Transition from North East to seaside_palace
				"name": "ne to seaside",
				"access_rules": [
					"mu_key",
					"@logic_transitions/ne to se, active_teapot",
					"@logic_transitions/ne to se, $openModeON",
					"@logic_transitions/ne to se, $skyGarden"
				],
				"item_count": 1
			},
			{
				// Transition from North East to South East
				"name": "ne to se",
				"access_rules": [
					"letter_lola",
					"$openModeON"
				],
				"item_count": 1
			},
			{
				// Transition from North to North West
				"name": "n to nw",
				"access_rules": [
					"large_roast",
					"active_memory",
					"$openModeON"
				],
				"item_count": 1
			},
			{
				// Transition from North to North East
				"name": "n to ne",
				"access_rules": [
					"will",
					"$openModeON"
				],
				"item_count": 1
			},
			{
				// Transition from North to South East
				"name": "n to se",
				"access_rules": [
					"active_memory",
					"$openModeON"
				],
				"item_count": 1
			},
			{
				// Transition from North to seaside_palace
				"name": "n to seaside",
				"access_rules": [
					"@logic_transitions/n to ne, mu_key",
					"@logic_transitions/n to se, active_teapot",
					"@logic_transitions/n to se, $openModeON",
					"@logic_transitions/n to se, $skyGarden"
				],
				"item_count": 1
			},
			{
				// Transition from North West to South East
				"name": "nw to se",
				"access_rules": [
					"active_memory",
					"$openModeON"
				],
				"item_count": 1
			}
		]
	}
]