[
	// logic : Dungeons
    {
        "name": "logic_dungeons",
		"sections": [
			{
				"name": "edwards prison - out",
				"access_rules": [
					"southCape_churchRoof_start",
					"itory_village_start",
					"incaRuins_windCliff_start",
					"incaRuins_middleSection_start",
					"freejia_emptyHouse_start, @logic_transitions/se to sw",
					"diamondMine_walledMiner_start, @logic_transitions/se to sw",
					"diamondMine_preFriar_start, @logic_transitions/se to sw",
					"skyGarden_entrance_start, @logic_transitions/se to sw",
					"skyGarden_westBottom_start, @logic_transitions/se to sw",
					"skyGarden_southEastRoom_start, @logic_transitions/se to sw",
					"seasidePalace_entrance_start, mu_key, @logic_transitions/ne to se, @logic_transitions/se to sw",
					"seasidePalace_entrance_start, mu_key, @logic_transitions/ne to n, @logic_transitions/n to se, @logic_transitions/se to sw",
					"angelVillage_room_start, @logic_transitions/ne to se, @logic_transitions/se to sw",
					"angelVillage_room_start, @logic_transitions/ne to n, @logic_transitions/n to se, @logic_transitions/se to sw",
					"watermia_emptyHouse_start, @logic_transitions/ne to se, @logic_transitions/se to sw",
					"watermia_emptyHouse_start, @logic_transitions/ne to n, @logic_transitions/n to se, @logic_transitions/se to sw",
					"greatWall_thirdSection_start, spin_dash, @logic_transitions/ne to se, @logic_transitions/se to sw",
					"greatWall_thirdSection_start, spin_dash, @logic_transitions/ne to n, @logic_transitions/n to se, @logic_transitions/se to sw",
					"greatWall_spinDash_start, spin_dash, @logic_transitions/ne to se, @logic_transitions/se to sw",
					"greatWall_spinDash_start, spin_dash, @logic_transitions/ne to n, @logic_transitions/n to se, @logic_transitions/se to sw",
					"euro_hotel_start, @logic_transitions/n to ne, @logic_transitions/ne to se, @logic_transitions/se to sw",
					"euro_hotel_start, @logic_transitions/n to se, @logic_transitions/se to sw",
					"mtTemple_Entrance_start, @logic_transitions/n to ne, @logic_transitions/ne to se, @logic_transitions/se to sw",
					"mtTemple_Entrance_start, @logic_transitions/n to se, @logic_transitions/se to sw",
					"mtTemple_room4_start, @logic_transitions/n to ne, @logic_transitions/ne to se, @logic_transitions/se to sw",
					"mtTemple_room4_start, @logic_transitions/n to se, @logic_transitions/se to sw",
					"nativesVillage_outdoor_start, @logic_transitions/n to ne, @logic_transitions/ne to se, @logic_transitions/se to sw",
					"nativesVillage_outdoor_start, @logic_transitions/n to se, @logic_transitions/se to sw",
					"ankorWat_gardenEntrance_start, @logic_transitions/n to ne, @logic_transitions/ne to se, @logic_transitions/se to sw",
					"ankorWat_gardenEntrance_start, @logic_transitions/n to se, @logic_transitions/se to sw",
					"ankorWat_mainHall_start, @logic_transitions/n to ne, @logic_transitions/ne to se, @logic_transitions/se to sw",
					"ankorWat_mainHall_start, @logic_transitions/n to se, @logic_transitions/se to sw",
					"dao_emptyHouse_start, @logic_transitions/n to ne, @logic_transitions/ne to se, @logic_transitions/se to sw",
					"dao_emptyHouse_start, @logic_transitions/nw to se, @logic_transitions/se to sw",
					"pyramid_entranceDown_start, @logic_transitions/n to ne, @logic_transitions/ne to se, @logic_transitions/se to sw",
					"pyramid_entranceDown_start, @logic_transitions/nw to se, @logic_transitions/se to sw",
					"babel_bottom_start, @logic_dungeons/boss rush, @logic_transitions/n to ne, @logic_transitions/ne to se, @logic_transitions/se to sw",
					"babel_bottom_start, @logic_dungeons/boss rush, @logic_transitions/nw to se, @logic_transitions/se to sw",
					"babel_top_start, @logic_transitions/n to ne, @logic_transitions/ne to se, @logic_transitions/se to sw",
					"babel_top_start, @logic_transitions/nw to se, @logic_transitions/se to sw",
					"@logic_switches/jeweler mansion, @logic_transitions/n to ne, @logic_transitions/ne to se, @logic_transitions/se to sw",
					"@logic_switches/jeweler mansion, @logic_transitions/nw to se, @logic_transitions/se to sw"
				],
				"item_count": 1
			},
			{
				"name": "edwards prison - in",
				"access_rules": [
					"edwardsPrison_sewer_start",
				],
				"item_count": 1
			},
			{
				"name": "inca ruins - out",
				"access_rules": [
					"southCape_churchRoof_start",
					"itory_village_start",
					"edwardsPrison_sewer_start",
					"freejia_emptyHouse_start, @logic_transitions/se to sw",
					"diamondMine_walledMiner_start, @logic_transitions/se to sw",
					"diamondMine_preFriar_start, @logic_transitions/se to sw",
					"skyGarden_entrance_start, @logic_transitions/se to sw",
					"skyGarden_westBottom_start, @logic_transitions/se to sw",
					"skyGarden_southEastRoom_start, @logic_transitions/se to sw",
					"seasidePalace_entrance_start, mu_key, @logic_transitions/ne to se, @logic_transitions/se to sw",
					"seasidePalace_entrance_start, mu_key, @logic_transitions/ne to n, @logic_transitions/n to se, @logic_transitions/se to sw",
					"angelVillage_room_start, @logic_transitions/ne to se, @logic_transitions/se to sw",
					"angelVillage_room_start, @logic_transitions/ne to n, @logic_transitions/n to se, @logic_transitions/se to sw",
					"watermia_emptyHouse_start, @logic_transitions/ne to se, @logic_transitions/se to sw",
					"watermia_emptyHouse_start, @logic_transitions/ne to n, @logic_transitions/n to se, @logic_transitions/se to sw",
					"greatWall_thirdSection_start, spin_dash, @logic_transitions/ne to se, @logic_transitions/se to sw",
					"greatWall_thirdSection_start, spin_dash, @logic_transitions/ne to n, @logic_transitions/n to se, @logic_transitions/se to sw",
					"greatWall_spinDash_start, spin_dash, @logic_transitions/ne to se, @logic_transitions/se to sw",
					"greatWall_spinDash_start, spin_dash, @logic_transitions/ne to n, @logic_transitions/n to se, @logic_transitions/se to sw",
					"euro_hotel_start, @logic_transitions/n to ne, @logic_transitions/ne to se, @logic_transitions/se to sw",
					"euro_hotel_start, @logic_transitions/n to se, @logic_transitions/se to sw",
					"mtTemple_Entrance_start, @logic_transitions/n to ne, @logic_transitions/ne to se, @logic_transitions/se to sw",
					"mtTemple_Entrance_start, @logic_transitions/n to se, @logic_transitions/se to sw",
					"mtTemple_room4_start, @logic_transitions/n to ne, @logic_transitions/ne to se, @logic_transitions/se to sw",
					"mtTemple_room4_start, @logic_transitions/n to se, @logic_transitions/se to sw",
					"nativesVillage_outdoor_start, @logic_transitions/n to ne, @logic_transitions/ne to se, @logic_transitions/se to sw",
					"nativesVillage_outdoor_start, @logic_transitions/n to se, @logic_transitions/se to sw",
					"ankorWat_gardenEntrance_start, @logic_transitions/n to ne, @logic_transitions/ne to se, @logic_transitions/se to sw",
					"ankorWat_gardenEntrance_start, @logic_transitions/n to se, @logic_transitions/se to sw",
					"ankorWat_mainHall_start, @logic_transitions/n to ne, @logic_transitions/ne to se, @logic_transitions/se to sw",
					"ankorWat_mainHall_start, @logic_transitions/n to se, @logic_transitions/se to sw",
					"dao_emptyHouse_start, @logic_transitions/n to ne, @logic_transitions/ne to se, @logic_transitions/se to sw",
					"dao_emptyHouse_start, @logic_transitions/nw to se, @logic_transitions/se to sw",
					"pyramid_entranceDown_start, @logic_transitions/n to ne, @logic_transitions/ne to se, @logic_transitions/se to sw",
					"pyramid_entranceDown_start, @logic_transitions/nw to se, @logic_transitions/se to sw",
					"babel_bottom_start, @logic_dungeons/boss rush, @logic_transitions/n to ne, @logic_transitions/ne to se, @logic_transitions/se to sw",
					"babel_bottom_start, @logic_dungeons/boss rush, @logic_transitions/nw to se, @logic_transitions/se to sw",
					"babel_top_start, @logic_transitions/n to ne, @logic_transitions/ne to se, @logic_transitions/se to sw",
					"babel_top_start, @logic_transitions/nw to se, @logic_transitions/se to sw",
					"@logic_switches/jeweler mansion, @logic_transitions/n to ne, @logic_transitions/ne to se, @logic_transitions/se to sw",
					"@logic_switches/jeweler mansion, @logic_transitions/nw to se, @logic_transitions/se to sw"
				],
				"item_count": 1
			},
			{
				"name": "inca ruins - in",
				"access_rules": [
					"incaRuins_windCliff_start",
					"incaRuins_middleSection_start"
				],
				"item_count": 1
			},
			{
				"name": "great wall - out",
				"access_rules": [
					"seasidePalace_entrance_start, mu_key",
					"angelVillage_room_start",
					"watermia_emptyHouse_start",
					"southCape_churchRoof_start, @logic_transitions/sw to se, @logic_transitions/se to ne",
					"southCape_churchRoof_start, @logic_transitions/sw to se, @logic_transitions/se to n, @logic_transitions/n to ne",
					"southCape_churchRoof_start, @logic_transitions/sw to ne",
					"itory_village_start, @logic_transitions/sw to se, @logic_transitions/se to ne",
					"itory_village_start, @logic_transitions/sw to se, @logic_transitions/se to n, @logic_transitions/n to ne",
					"itory_village_start, @logic_transitions/sw to ne",
					"edwardsPrison_sewer_start, @logic_transitions/sw to se, @logic_transitions/se to ne",
					"edwardsPrison_sewer_start, @logic_transitions/sw to se, @logic_transitions/se to n, @logic_transitions/n to ne",
					"edwardsPrison_sewer_start, @logic_transitions/sw to ne",
					"incaRuins_windCliff_start, @logic_transitions/inca to se, @logic_transitions/se to ne",
					"incaRuins_windCliff_start, @logic_transitions/inca to se, @logic_transitions/se to n, @logic_transitions/n to ne",
					"incaRuins_windCliff_start, @logic_transitions/sw to ne",
					"incaRuins_middleSection_start, @logic_transitions/inca to se, @logic_transitions/se to ne",
					"incaRuins_middleSection_start, @logic_transitions/inca to se, @logic_transitions/se to n, @logic_transitions/n to ne",
					"incaRuins_middleSection_start, @logic_transitions/sw to ne",
					"freejia_emptyHouse_start, @logic_transitions/se to ne",
					"freejia_emptyHouse_start, @logic_transitions/se to n, @logic_transitions/n to ne",
					"diamondMine_walledMiner_start, @logic_transitions/se to ne",
					"diamondMine_walledMiner_start, @logic_transitions/se to n, @logic_transitions/n to ne",
					"diamondMine_preFriar_start, @logic_transitions/se to ne",
					"diamondMine_preFriar_start, @logic_transitions/se to n, @logic_transitions/n to ne",
					"skyGarden_entrance_start, @logic_transitions/se to ne",
					"skyGarden_entrance_start, @logic_transitions/se to n, @logic_transitions/n to ne",
					"skyGarden_westBottom_start, @logic_transitions/se to ne",
					"skyGarden_westBottom_start, @logic_transitions/se to n, @logic_transitions/n to ne",
					"skyGarden_southEastRoom_start, @logic_transitions/se to ne",
					"skyGarden_southEastRoom_start, @logic_transitions/se to n, @logic_transitions/n to ne",
					"euro_hotel_start, @logic_transitions/n to ne",
					"mtTemple_Entrance_start, @logic_transitions/n to ne",
					"mtTemple_room4_start, @logic_transitions/n to ne",
					"nativesVillage_outdoor_start, @logic_transitions/n to ne",
					"ankorWat_gardenEntrance_start, @logic_transitions/n to ne",
					"ankorWat_mainHall_start, @logic_transitions/n to ne",
					"dao_emptyHouse_start, @logic_transitions/n to ne",
					"pyramid_entranceDown_start, @logic_transitions/n to ne",
					"babel_bottom_start, @logic_dungeons/boss rush, @logic_transitions/n to ne",
					"babel_top_start, @logic_transitions/n to ne",
					"@logic_switches/jeweler mansion, @logic_transitions/n to ne"
				],
				"item_count": 1
			},
			{
				"name": "mt temple - out",
				"access_rules": [
					"euro_hotel_start",
					"nativesVillage_outdoor_start",
					"ankorWat_gardenEntrance_start",
					"ankorWat_mainHall_start",
					"dao_emptyHouse_start",
					"pyramid_entranceDown_start",
					"babel_top_start",
					"southCape_churchRoof_start, @logic_transitions/sw to se, @logic_transitions/se to ne, @logic_transitions/ne to n",
					"southCape_churchRoof_start, @logic_transitions/sw to se, @logic_transitions/se to n",
					"southCape_churchRoof_start, @logic_transitions/sw to ne, @logic_transitions/ne to n",
					"itory_village_start, @logic_transitions/sw to se, @logic_transitions/se to ne, @logic_transitions/ne to n",
					"itory_village_start, @logic_transitions/sw to se, @logic_transitions/se to n",
					"itory_village_start, @logic_transitions/sw to ne, @logic_transitions/ne to n",
					"edwardsPrison_sewer_start, @logic_transitions/sw to se, @logic_transitions/se to ne, @logic_transitions/ne to n",
					"edwardsPrison_sewer_start, @logic_transitions/sw to se, @logic_transitions/se to n",
					"edwardsPrison_sewer_start, @logic_transitions/sw to ne, @logic_transitions/ne to n",
					"incaRuins_windCliff_start, @logic_transitions/inca to se, @logic_transitions/se to ne, @logic_transitions/ne to n",
					"incaRuins_windCliff_start, @logic_transitions/inca to se, @logic_transitions/se to n",
					"incaRuins_windCliff_start, @logic_transitions/sw to ne, @logic_transitions/ne to n",
					"incaRuins_middleSection_start, @logic_transitions/inca to se, @logic_transitions/se to ne, @logic_transitions/ne to n",
					"incaRuins_middleSection_start, @logic_transitions/inca to se, @logic_transitions/se to n",
					"incaRuins_middleSection_start, @logic_transitions/sw to ne, @logic_transitions/ne to n",
					"freejia_emptyHouse_start, @logic_transitions/se to ne, @logic_transitions/ne to n",
					"freejia_emptyHouse_start, @logic_transitions/se to n",
					"diamondMine_walledMiner_start, @logic_transitions/se to ne, @logic_transitions/ne to n",
					"diamondMine_walledMiner_start, @logic_transitions/se to n",
					"diamondMine_preFriar_start, @logic_transitions/se to ne, @logic_transitions/ne to n",
					"diamondMine_preFriar_start, @logic_transitions/se to n",
					"skyGarden_entrance_start, @logic_transitions/se to ne, @logic_transitions/ne to n",
					"skyGarden_entrance_start, @logic_transitions/se to n",
					"skyGarden_westBottom_start, @logic_transitions/se to ne, @logic_transitions/ne to n",
					"skyGarden_westBottom_start, @logic_transitions/se to n",
					"skyGarden_southEastRoom_start, @logic_transitions/se to ne, @logic_transitions/ne to n",
					"skyGarden_southEastRoom_start, @logic_transitions/se to n",
					"seasidePalace_entrance_start, mu_key, @logic_transitions/ne to n",
					"seasidePalace_entrance_start, mu_key, @logic_transitions/ne to se, @logic_transitions/se to n",
					"angelVillage_room_start, @logic_transitions/ne to n",
					"angelVillage_room_start, @logic_transitions/ne to se, @logic_transitions/se to n",
					"watermia_emptyHouse_start, @logic_transitions/ne to n",
					"watermia_emptyHouse_start, @logic_transitions/ne to se, @logic_transitions/se to n",
					"greatWall_thirdSection_start, @logic_transitions/ne to n",
					"greatWall_thirdSection_start, @logic_transitions/ne to se, @logic_transitions/se to n",
					"greatWall_spinDash_start, @logic_transitions/ne to n",
					"greatWall_spinDash_start, @logic_transitions/ne to se, @logic_transitions/se to n",
					"babel_bottom_start, @logic_dungeons/boss rush",
					"@logic_switches/jeweler mansion"
				],
				"item_count": 1
			},
			{
				"name": "ankor - out",
				"access_rules": [
					"euro_hotel_start",
					"mtTemple_Entrance_start",
					"mtTemple_room4_start",
					"nativesVillage_outdoor_start",
					"dao_emptyHouse_start",
					"pyramid_entranceDown_start",
					"babel_top_start",
					"southCape_churchRoof_start, @logic_transitions/sw to se, @logic_transitions/se to ne, @logic_transitions/ne to n",
					"southCape_churchRoof_start, @logic_transitions/sw to se, @logic_transitions/se to n",
					"southCape_churchRoof_start, @logic_transitions/sw to ne, @logic_transitions/ne to n",
					"itory_village_start, @logic_transitions/sw to se, @logic_transitions/se to ne, @logic_transitions/ne to n",
					"itory_village_start, @logic_transitions/sw to se, @logic_transitions/se to n",
					"itory_village_start, @logic_transitions/sw to ne, @logic_transitions/ne to n",
					"edwardsPrison_sewer_start, @logic_transitions/sw to se, @logic_transitions/se to ne, @logic_transitions/ne to n",
					"edwardsPrison_sewer_start, @logic_transitions/sw to se, @logic_transitions/se to n",
					"edwardsPrison_sewer_start, @logic_transitions/sw to ne, @logic_transitions/ne to n",
					"incaRuins_windCliff_start, @logic_transitions/inca to se, @logic_transitions/se to ne, @logic_transitions/ne to n",
					"incaRuins_windCliff_start, @logic_transitions/inca to se, @logic_transitions/se to n",
					"incaRuins_windCliff_start, @logic_transitions/sw to ne, @logic_transitions/ne to n",
					"incaRuins_middleSection_start, @logic_transitions/inca to se, @logic_transitions/se to ne, @logic_transitions/ne to n",
					"incaRuins_middleSection_start, @logic_transitions/inca to se, @logic_transitions/se to n",
					"incaRuins_middleSection_start, @logic_transitions/sw to ne, @logic_transitions/ne to n",
					"freejia_emptyHouse_start, @logic_transitions/se to ne, @logic_transitions/ne to n",
					"freejia_emptyHouse_start, @logic_transitions/se to n",
					"diamondMine_walledMiner_start, @logic_transitions/se to ne, @logic_transitions/ne to n",
					"diamondMine_walledMiner_start, @logic_transitions/se to n",
					"diamondMine_preFriar_start, @logic_transitions/se to ne, @logic_transitions/ne to n",
					"diamondMine_preFriar_start, @logic_transitions/se to n",
					"skyGarden_entrance_start, @logic_transitions/se to ne, @logic_transitions/ne to n",
					"skyGarden_entrance_start, @logic_transitions/se to n",
					"skyGarden_westBottom_start, @logic_transitions/se to ne, @logic_transitions/ne to n",
					"skyGarden_westBottom_start, @logic_transitions/se to n",
					"skyGarden_southEastRoom_start, @logic_transitions/se to ne, @logic_transitions/ne to n",
					"skyGarden_southEastRoom_start, @logic_transitions/se to n",
					"seasidePalace_entrance_start, mu_key, @logic_transitions/ne to n",
					"seasidePalace_entrance_start, mu_key, @logic_transitions/ne to se, @logic_transitions/se to n",
					"angelVillage_room_start, @logic_transitions/ne to n",
					"angelVillage_room_start, @logic_transitions/ne to se, @logic_transitions/se to n",
					"watermia_emptyHouse_start, @logic_transitions/ne to n",
					"watermia_emptyHouse_start, @logic_transitions/ne to se, @logic_transitions/se to n",
					"greatWall_thirdSection_start, @logic_transitions/ne to n",
					"greatWall_thirdSection_start, @logic_transitions/ne to se, @logic_transitions/se to n",
					"greatWall_spinDash_start, @logic_transitions/ne to n",
					"greatWall_spinDash_start, @logic_transitions/ne to se, @logic_transitions/se to n",
					"babel_bottom_start, @logic_dungeons/boss rush",
					"@logic_switches/jeweler mansion"
				],
				"item_count": 1
			},
			{
				"name": "ankor main hall",
				"access_rules": [
					"[dark_friar]",
					"[powerfull_friar]",
					"earthquaker"
				],
				"item_count": 1
			},
			{
				"name": "ankor garden",
				"access_rules": [
					"spin_dash, psycho_slide"
				],
				"item_count": 1
			},
			{
				"name": "ankor earthquaker ds",
				"access_rules": [
					"dark_friar",
					"aura"
				],
				"item_count": 1
			},
			{
				"name": "pyramid - out",
				"access_rules": [
					"dao_emptyHouse_start",
					"babel_top_start",
					"southCape_churchRoof_start, @logic_transitions/sw to se, @logic_transitions/se to ne, @logic_transitions/ne to n, @logic_transitions/n to nw",
					"southCape_churchRoof_start, @logic_transitions/sw to se, @logic_transitions/se to n, @logic_transitions/n to nw",
					"southCape_churchRoof_start, @logic_transitions/sw to se, @logic_transitions/se to nw",
					"southCape_churchRoof_start, @logic_transitions/sw to ne, @logic_transitions/ne to n, @logic_transitions/n to nw",
					"itory_village_start, @logic_transitions/sw to se, @logic_transitions/se to ne, @logic_transitions/ne to n, @logic_transitions/n to nw",
					"itory_village_start, @logic_transitions/sw to se, @logic_transitions/se to nw",
					"itory_village_start, @logic_transitions/sw to se, @logic_transitions/se to n, @logic_transitions/n to nw",
					"itory_village_start, @logic_transitions/sw to ne, @logic_transitions/ne to n, @logic_transitions/n to nw",
					"edwardsPrison_sewer_start, @logic_transitions/sw to se, @logic_transitions/se to ne, @logic_transitions/ne to n, @logic_transitions/n to nw",
					"edwardsPrison_sewer_start, @logic_transitions/sw to se, @logic_transitions/se to n, @logic_transitions/n to nw",
					"edwardsPrison_sewer_start, @logic_transitions/sw to se, @logic_transitions/se to nw",
					"edwardsPrison_sewer_start, @logic_transitions/sw to ne, @logic_transitions/ne to n, @logic_transitions/n to nw",
					"incaRuins_windCliff_start, @logic_transitions/inca to se, @logic_transitions/se to ne, @logic_transitions/ne to n, @logic_transitions/n to nw",
					"incaRuins_windCliff_start, @logic_transitions/inca to se, @logic_transitions/se to n, @logic_transitions/n to nw",
					"incaRuins_windCliff_start, @logic_transitions/inca to se, @logic_transitions/se to nw",
					"incaRuins_windCliff_start, @logic_transitions/sw to ne, @logic_transitions/ne to n, @logic_transitions/n to nw",
					"incaRuins_middleSection_start, @logic_transitions/inca to se, @logic_transitions/se to ne, @logic_transitions/ne to n, @logic_transitions/n to nw",
					"incaRuins_middleSection_start, @logic_transitions/inca to se, @logic_transitions/se to n, @logic_transitions/n to nw",
					"incaRuins_middleSection_start, @logic_transitions/inca to se, @logic_transitions/se to nw",
					"incaRuins_middleSection_start, @logic_transitions/sw to ne, @logic_transitions/ne to n, @logic_transitions/n to nw",
					"freejia_emptyHouse_start, @logic_transitions/se to ne, @logic_transitions/ne to n, @logic_transitions/n to nw",
					"freejia_emptyHouse_start, @logic_transitions/se to n, @logic_transitions/n to nw",
					"freejia_emptyHouse_start, @logic_transitions/se to nw",
					"diamondMine_walledMiner_start, @logic_transitions/se to ne, @logic_transitions/ne to n, @logic_transitions/n to nw",
					"diamondMine_walledMiner_start, @logic_transitions/se to n, @logic_transitions/n to nw",
					"diamondMine_walledMiner_start, @logic_transitions/se to nw",
					"diamondMine_preFriar_start, @logic_transitions/se to ne, @logic_transitions/ne to n, @logic_transitions/n to nw",
					"diamondMine_preFriar_start, @logic_transitions/se to n, @logic_transitions/n to nw",
					"diamondMine_preFriar_start, @logic_transitions/se to nw",
					"skyGarden_entrance_start, @logic_transitions/se to ne, @logic_transitions/ne to n, @logic_transitions/n to nw",
					"skyGarden_entrance_start, @logic_transitions/se to n, @logic_transitions/n to nw",
					"skyGarden_entrance_start, @logic_transitions/se to nw",
					"skyGarden_westBottom_start, @logic_transitions/se to ne, @logic_transitions/ne to n, @logic_transitions/n to nw",
					"skyGarden_westBottom_start, @logic_transitions/se to n, @logic_transitions/n to nw",
					"skyGarden_westBottom_start, @logic_transitions/se to nw",
					"skyGarden_southEastRoom_start, @logic_transitions/se to ne, @logic_transitions/ne to n, @logic_transitions/n to nw",
					"skyGarden_southEastRoom_start, @logic_transitions/se to n, @logic_transitions/n to nw",
					"skyGarden_southEastRoom_start, @logic_transitions/se to nw",
					"seasidePalace_entrance_start, mu_key, @logic_transitions/ne to n, @logic_transitions/n to nw",
					"seasidePalace_entrance_start, mu_key, @logic_transitions/ne to se, @logic_transitions/se to n, @logic_transitions/n to nw",
					"seasidePalace_entrance_start, mu_key, @logic_transitions/ne to se, @logic_transitions/se to nw",
					"angelVillage_room_start, @logic_transitions/ne to n, @logic_transitions/n to nw",
					"angelVillage_room_start, @logic_transitions/ne to se, @logic_transitions/se to n, @logic_transitions/n to nw",
					"angelVillage_room_start, @logic_transitions/ne to se, @logic_transitions/se to nw",
					"watermia_emptyHouse_start, @logic_transitions/ne to n, @logic_transitions/n to nw",
					"watermia_emptyHouse_start, @logic_transitions/ne to se, @logic_transitions/se to n, @logic_transitions/n to nw",
					"watermia_emptyHouse_start, @logic_transitions/ne to se, @logic_transitions/se to nw",
					"greatWall_thirdSection_start, @logic_transitions/ne to n, @logic_transitions/n to nw",
					"greatWall_thirdSection_start, @logic_transitions/ne to se, @logic_transitions/se to n, @logic_transitions/n to nw",
					"greatWall_thirdSection_start, @logic_transitions/ne to se, @logic_transitions/se to nw",
					"greatWall_spinDash_start, @logic_transitions/ne to n, @logic_transitions/n to nw",
					"greatWall_spinDash_start, @logic_transitions/ne to se, @logic_transitions/se to n, @logic_transitions/n to nw",
					"greatWall_spinDash_start, @logic_transitions/ne to se, @logic_transitions/se to nw",
					"euro_hotel_start, @logic_transitions/n to nw",
					"mtTemple_Entrance_start, @logic_transitions/n to nw",
					"mtTemple_room4_start, @logic_transitions/n to nw",
					"nativesVillage_outdoor_start, @logic_transitions/n to nw",
					"ankorWat_gardenEntrance_start, @logic_transitions/n to nw",
					"ankorWat_mainHall_start, @logic_transitions/n to nw",
					"babel_bottom_start, @logic_dungeons/boss rush",
					"@logic_switches/jeweler mansion"
				],
				"item_count": 1
			},
			{
				"name": "pyramid - room 3",
				"access_rules": [
					"aura",
					"dark_friar"
				],
				"item_count": 1
			},
			{
				"name": "boss rush",
				"access_rules": [
					"aura, crystal_ring"
				],
				"item_count": 1
			},
			{
				"name": "babel - entrance",
				"access_rules": [
					"southCape_churchRoof_start, @logic_transitions/sw to se, @logic_transitions/to babel",
					"southCape_churchRoof_start, @logic_transitions/sw to se, @logic_transitions/se to ne, @logic_transitions/ne to n, @logic_transitions/to babel",
					"southCape_churchRoof_start, @logic_transitions/sw to ne, @logic_transitions/ne to n, @logic_transitions/to babel",
					"itory_village_start, @logic_transitions/sw to se, @logic_transitions/to babel",
					"itory_village_start, @logic_transitions/sw to se, @logic_transitions/se to ne, @logic_transitions/ne to n, @logic_transitions/to babel",
					"itory_village_start, @logic_transitions/sw to ne, @logic_transitions/ne to n, @logic_transitions/to babel",
					"edwardsPrison_sewer_start, @logic_transitions/sw to se, @logic_transitions/to babel",
					"edwardsPrison_sewer_start, @logic_transitions/sw to se, @logic_transitions/se to ne, @logic_transitions/ne to n, @logic_transitions/to babel",
					"edwardsPrison_sewer_start, @logic_transitions/sw to ne, @logic_transitions/ne to n, @logic_transitions/to babel",
					"incaRuins_windCliff_start, @logic_transitions/inca to se, @logic_transitions/to babel",
					"incaRuins_windCliff_start, @logic_transitions/sw to ne, @logic_transitions/ne to n, @logic_transitions/to babel",
					"incaRuins_middleSection_start, @logic_transitions/inca to se, @logic_transitions/to babel",
					"incaRuins_middleSection_start, @logic_transitions/sw to ne, @logic_transitions/ne to n, @logic_transitions/to babel",
					"freejia_emptyHouse_start, @logic_transitions/to babel",
					"freejia_emptyHouse_start, @logic_transitions/se to ne, @logic_transitions/ne to n, @logic_transitions/to babel",
					"freejia_emptyHouse_start, @logic_transitions/se to n, @logic_transitions/to babel",
					"diamondMine_walledMiner_start, @logic_transitions/to babel",
					"diamondMine_walledMiner_start, @logic_transitions/se to ne, @logic_transitions/ne to n, @logic_transitions/to babel",
					"diamondMine_walledMiner_start, @logic_transitions/se to n, @logic_transitions/to babel",
					"diamondMine_preFriar_start, @logic_transitions/to babel",
					"diamondMine_preFriar_start, @logic_transitions/se to ne, @logic_transitions/ne to n, @logic_transitions/to babel",
					"diamondMine_preFriar_start, @logic_transitions/se to n, @logic_transitions/to babel",
					"skyGarden_entrance_start, @logic_transitions/to babel",
					"skyGarden_entrance_start, @logic_transitions/se to ne, @logic_transitions/ne to n, @logic_transitions/to babel",
					"skyGarden_entrance_start, @logic_transitions/se to n, @logic_transitions/to babel",
					"skyGarden_westBottom_start, @logic_transitions/to babel",
					"skyGarden_westBottom_start, @logic_transitions/se to ne, @logic_transitions/ne to n, @logic_transitions/to babel",
					"skyGarden_westBottom_start, @logic_transitions/se to n, @logic_transitions/to babel",
					"skyGarden_southEastRoom_start, @logic_transitions/to babel",
					"skyGarden_southEastRoom_start, @logic_transitions/se to ne, @logic_transitions/ne to n, @logic_transitions/to babel",
					"skyGarden_southEastRoom_start, @logic_transitions/se to n, @logic_transitions/to babel",
					"seasidePalace_entrance_start, mu_key, @logic_transitions/ne to n, @logic_transitions/to babel",
					"seasidePalace_entrance_start, mu_key, @logic_transitions/ne to se, @logic_transitions/to babel",
					"angelVillage_room_start, @logic_transitions/ne to n, @logic_transitions/to babel",
					"angelVillage_room_start, @logic_transitions/ne to se, @logic_transitions/to babel",
					"watermia_emptyHouse_start, @logic_transitions/ne to n, @logic_transitions/to babel",
					"watermia_emptyHouse_start, @logic_transitions/ne to se, @logic_transitions/to babel",
					"greatWall_thirdSection_start, @logic_transitions/ne to n, @logic_transitions/to babel",
					"greatWall_thirdSection_start, @logic_transitions/ne to se, @logic_transitions/to babel",
					"greatWall_spinDash_start, @logic_transitions/ne to n, @logic_transitions/to babel",
					"greatWall_spinDash_start, @logic_transitions/ne to se, @logic_transitions/to babel",
					"euro_hotel_start, @logic_transitions/to babel",
					"mtTemple_Entrance_start, @logic_transitions/to babel",
					"mtTemple_room4_start, @logic_transitions/to babel",
					"nativesVillage_outdoor_start, @logic_transitions/to babel",
					"ankorWat_gardenEntrance_start, @logic_transitions/to babel",
					"ankorWat_mainHall_start, @logic_transitions/to babel",
					"dao_emptyHouse_start, @logic_transitions/to babel",
					"pyramid_entranceDown_start, @logic_transitions/to babel",
					"babel_bottom_start",
					"babel_top_start, @logic_transitions/to babel",
					"@logic_switches/jeweler mansion, @logic_transitions/to babel"
				],
				"item_count": 1
			},
			{
				"name": "babel - top",
				"access_rules": [
					"southCape_churchRoof_start, @logic_transitions/sw to se, @logic_transitions/to babel, @logic_dungeons/boss rush",
					"southCape_churchRoof_start, @logic_transitions/sw to se, @logic_transitions/se to ne, @logic_transitions/ne to n, @logic_transitions/to babel, @logic_dungeons/boss rush",
					"southCape_churchRoof_start, @logic_transitions/sw to ne, @logic_transitions/ne to n, @logic_transitions/to babel, @logic_dungeons/boss rush",
					"itory_village_start, @logic_transitions/sw to se, @logic_transitions/to babel, @logic_dungeons/boss rush",
					"itory_village_start, @logic_transitions/sw to se, @logic_transitions/se to ne, @logic_transitions/ne to n, @logic_transitions/to babel, @logic_dungeons/boss rush",
					"itory_village_start, @logic_transitions/sw to ne, @logic_transitions/ne to n, @logic_transitions/to babel, @logic_dungeons/boss rush",
					"edwardsPrison_sewer_start, @logic_transitions/sw to se, @logic_transitions/to babel, @logic_dungeons/boss rush",
					"edwardsPrison_sewer_start, @logic_transitions/sw to se, @logic_transitions/se to ne, @logic_transitions/ne to n, @logic_transitions/to babel, @logic_dungeons/boss rush",
					"edwardsPrison_sewer_start, @logic_transitions/sw to ne, @logic_transitions/ne to n, @logic_transitions/to babel, @logic_dungeons/boss rush",
					"incaRuins_windCliff_start, @logic_transitions/inca to se, @logic_transitions/to babel, @logic_dungeons/boss rush",
					"incaRuins_windCliff_start, @logic_transitions/sw to ne, @logic_transitions/ne to n, @logic_transitions/to babel, @logic_dungeons/boss rush",
					"incaRuins_middleSection_start, @logic_transitions/inca to se, @logic_transitions/to babel, @logic_dungeons/boss rush",
					"incaRuins_middleSection_start, @logic_transitions/sw to ne, @logic_transitions/ne to n, @logic_transitions/to babel, @logic_dungeons/boss rush",
					"freejia_emptyHouse_start, @logic_transitions/to babel, @logic_dungeons/boss rush",
					"freejia_emptyHouse_start, @logic_transitions/se to ne, @logic_transitions/ne to n, @logic_transitions/to babel, @logic_dungeons/boss rush",
					"diamondMine_walledMiner_start, @logic_transitions/to babel, @logic_dungeons/boss rush",
					"diamondMine_walledMiner_start, @logic_transitions/se to ne, @logic_transitions/ne to n, @logic_transitions/to babel, @logic_dungeons/boss rush",
					"diamondMine_preFriar_start, @logic_transitions/to babel, @logic_dungeons/boss rush",
					"diamondMine_preFriar_start, @logic_transitions/se to ne, @logic_transitions/ne to n, @logic_transitions/to babel, @logic_dungeons/boss rush",
					"skyGarden_entrance_start, @logic_transitions/to babel, @logic_dungeons/boss rush",
					"skyGarden_entrance_start, @logic_transitions/se to ne, @logic_transitions/ne to n, @logic_transitions/to babel, @logic_dungeons/boss rush",
					"skyGarden_westBottom_start, @logic_transitions/to babel, @logic_dungeons/boss rush",
					"skyGarden_westBottom_start, @logic_transitions/se to ne, @logic_transitions/ne to n, @logic_transitions/to babel, @logic_dungeons/boss rush",
					"skyGarden_southEastRoom_start, @logic_transitions/to babel, @logic_dungeons/boss rush",
					"skyGarden_southEastRoom_start, @logic_transitions/se to ne, @logic_transitions/ne to n, @logic_transitions/to babel, @logic_dungeons/boss rush",
					"seasidePalace_entrance_start, mu_key, @logic_transitions/ne to n, @logic_transitions/to babel, @logic_dungeons/boss rush",
					"seasidePalace_entrance_start, mu_key, @logic_transitions/ne to se, @logic_transitions/to babel, @logic_dungeons/boss rush",
					"angelVillage_room_start, @logic_transitions/ne to n, @logic_transitions/to babel, @logic_dungeons/boss rush",
					"angelVillage_room_start, @logic_transitions/ne to se, @logic_transitions/to babel, @logic_dungeons/boss rush",
					"watermia_emptyHouse_start, @logic_transitions/ne to n, @logic_transitions/to babel, @logic_dungeons/boss rush",
					"watermia_emptyHouse_start, @logic_transitions/ne to se, @logic_transitions/to babel, @logic_dungeons/boss rush",
					"greatWall_thirdSection_start, @logic_transitions/ne to n, @logic_transitions/to babel, @logic_dungeons/boss rush",
					"greatWall_thirdSection_start, @logic_transitions/ne to se, @logic_transitions/to babel, @logic_dungeons/boss rush",
					"greatWall_spinDash_start, @logic_transitions/ne to n, @logic_transitions/to babel, @logic_dungeons/boss rush",
					"greatWall_spinDash_start, @logic_transitions/ne to se, @logic_transitions/to babel, @logic_dungeons/boss rush",
					"euro_hotel_start, @logic_transitions/to babel, @logic_dungeons/boss rush",
					"mtTemple_Entrance_start, @logic_transitions/to babel, @logic_dungeons/boss rush",
					"mtTemple_room4_start, @logic_transitions/to babel, @logic_dungeons/boss rush",
					"nativesVillage_outdoor_start, @logic_transitions/to babel, @logic_dungeons/boss rush",
					"ankorWat_gardenEntrance_start, @logic_transitions/to babel, @logic_dungeons/boss rush",
					"ankorWat_mainHall_start, @logic_transitions/to babel, @logic_dungeons/boss rush",
					"dao_emptyHouse_start, @logic_transitions/to babel, @logic_dungeons/boss rush",
					"pyramid_entranceDown_start, @logic_transitions/to babel, @logic_dungeons/boss rush",
					"babel_bottom_start, @logic_dungeons/boss rush",
					"babel_top_start",
					"@logic_dungeons/strong arm"
				],
				"item_count": 1
			},
			{
				"name": "strong arm",
				"access_rules": [
					"@logic_switches/jeweler mansion, psycho_slide"
				],
				"item_count": 1
			}
		]
	}
]