[
    // Red Jewel
    {
      "name": "Red Jewel",
      "type": "consumable",
      "img": "images/red_jewel.png",
      "codes": "red_jewel",
      "max_quantity": 50
    },
    // Herb
    {
      "name": "Herb",
      "type": "consumable",
      "img": "images/herb.png",
      "codes": "herb",
      "max_quantity": 12
    },

    // Lola's Melody
    {
      "name": "Lola's Melody",
	  "type": "progressive_toggle",
      "stages": [
        {
          "img": "images/melody_lola.png",
		  "codes": "melody_lola",
          "secondary_codes": "none"
        },
        {
          "img": "images/melody_lola_used.png",
          "codes": "melody_lola",
          "secondary_codes": "used"
        }
      ]
    },
    // Prison Key
    {
      "name": "Prison Key",
      "type": "progressive_toggle",
	  "stages": [
        {
          "img": "images/prison_key.png",
		  "codes": "prison_key",
          "secondary_codes": "none"
        },
        {
          "img": "images/prison_key_used.png",
          "codes": "prison_key",
          "secondary_codes": "used"
        }
      ]
    },
    // Large Roast
    {
      "name": "Large Roast",
      "type": "progressive_toggle",
	  "stages": [
        {
          "img": "images/large_roast.png",
		  "codes": "large_roast",
          "secondary_codes": "none"
        },
        {
          "img": "images/large_roast_given.png",
          "codes": "large_roast",
          "secondary_codes": "used"
        }
      ]
    },
  
    // Diamond Block
    {
      "name": "Diamond Block",
      "type": "progressive_toggle",
	  "stages": [
        {
          "img": "images/diamond_block.png",
		  "codes": "diamond_block",
          "secondary_codes": "none"
        },
        {
          "img": "images/diamond_block_used.png",
          "codes": "diamond_block",
          "secondary_codes": "used"
        }
      ]
    },
    // Inca Statue A
    {
      "name": "Inca Statue A",
      "type": "progressive_toggle",
	  "stages": [
        {
          "img": "images/inca_statue_a.png",
		  "codes": "inca_statue_a",
          "secondary_codes": "none"
        },
        {
          "img": "images/inca_statue_a_used.png",
          "codes": "inca_statue_a",
          "secondary_codes": "used"
        }
      ]
    },
    // Inca Statue B
    {
      "name": "Inca Statue B",
      "type": "progressive_toggle",
	  "stages": [
        {
          "img": "images/inca_statue_b.png",
		  "codes": "inca_statue_b",
          "secondary_codes": "none"
        },
        {
          "img": "images/inca_statue_b_used.png",
          "codes": "inca_statue_b",
          "secondary_codes": "used"
        }
      ]
    },
	// Wind Melody
    {
      "name": "Wind Melody",
      "type": "progressive_toggle",
	  "stages": [
        {
          "img": "images/melody_wind.png",
		  "codes": "melody_wind",
          "secondary_codes": "none"
        },
        {
          "img": "images/melody_wind_used.png",
          "codes": "melody_wind",
          "secondary_codes": "used"
        }
      ]
    },

    // Mine Key A
    {
      "name": "Mine Key A",
      "type": "progressive_toggle",
	  "stages": [
        {
          "img": "images/mine_key_a.png",
		  "codes": "mine_key_a",
          "secondary_codes": "none"
        },
        {
          "img": "images/mine_key_a_used.png",
          "codes": "mine_key_a",
          "secondary_codes": "used"
        }
      ]
    },
	// Mine Key B
    {
      "name": "Mine Key B",
      "type": "progressive_toggle",
	  "stages": [
        {
          "img": "images/mine_key_b.png",
		  "codes": "mine_key_b",
          "secondary_codes": "none"
        },
        {
          "img": "images/mine_key_b_used.png",
          "codes": "mine_key_b",
          "secondary_codes": "used"
        }
      ]
    },
    // Elevator Key
    {
      "name": "Elevator Key",
      "type": "progressive_toggle",
	  "stages": [
        {
          "img": "images/elevator_key.png",
		  "codes": "elevator_key",
          "secondary_codes": "none"
        },
        {
          "img": "images/elevator_key_used.png",
          "codes": "elevator_key",
          "secondary_codes": "used"
        }
      ]
    },
    // Memory Melody
    {
      "name": "Memory Melody",
      "type": "progressive_toggle",
	  "stages": [
        {
          "img": "images/melody_memory.png",
		  "codes": "melody_memory",
          "secondary_codes": "none"
        },
        {
          "img": "images/melody_memory_used.png",
          "codes": "melody_memory",
          "secondary_codes": "used"
        }
      ]
    },
  
    // Crystal Ball
    {
      "name": "Crystal Ball",
      "type": "consumable",
      "img": "images/crystal_ball.png",
      "codes": "crystal_ball",
      "max_quantity": 4
    },
	
    // Purity Stone
    {
      "name": "Purity Stone",
      "type": "progressive_toggle",
	  "stages": [
        {
          "img": "images/purity_stone.png",
		  "codes": "purity_stone",
          "secondary_codes": "none"
        },
        {
          "img": "images/purity_stone_used.png",
          "codes": "purity_stone",
          "secondary_codes": "used"
        }
      ]
    },
    // Mu Key
    {
      "name": "Mu Key",
      "type": "progressive_toggle",
	  "stages": [
        {
          "img": "images/mu_key.png",
		  "codes": "mu_key",
          "secondary_codes": "none"
        },
        {
          "img": "images/mu_key_used.png",
          "codes": "mu_key",
          "secondary_codes": "used"
        }
      ]
    },
  
    // Hope Statue
    {
      "name": "Hope Statue",
      "type": "consumable",
      "img": "images/hope_statue.png",
      "codes": "hope_statue",
	  "max_quantity": 2
    },
    // Rama Statue
    {
      "name": "Rama Statue",
      "type": "consumable",
      "img": "images/rama_statue.png",
      "codes": "rama_statue",
	  "max_quantity": 2
    },

    // Magic Dust
    {
      "name": "Magic Dust",
      "type": "toggle",
      "img": "images/magic_dust.png",
      "codes": "magic_dust"
    },

    // Lance's Letter
    {
      "name": "Lance Letter",
      "type": "toggle",
      "img": "images/letter_lance.png",
      "codes": "letter_lance"
    },
    // Necklace
    {
      "name": "Necklace",
      "type": "progressive_toggle",
	  "stages": [
        {
          "img": "images/necklace.png",
		  "codes": "necklace",
          "secondary_codes": "none"
        },
        {
          "img": "images/necklace_given.png",
          "codes": "necklace",
          "secondary_codes": "used"
        }
      ]
    },
    // Will
    {
      "name": "Will",
      "type": "progressive_toggle",
	  "stages": [
        {
          "img": "images/will.png",
		  "codes": "will",
          "secondary_codes": "none"
        },
        {
          "img": "images/will_used.png",
          "codes": "will",
          "secondary_codes": "used"
        }
      ]
    },

    // Apple
    {
      "name": "Apple",
      "type": "progressive_toggle",
	  "stages": [
        {
          "img": "images/apple.png",
		  "codes": "apple",
          "secondary_codes": "none"
        },
        {
          "img": "images/apple_used.png",
          "codes": "apple",
          "secondary_codes": "used"
        }
      ]
    },
    // Mushroom Drop
    {
      "name": "Mushroom Drop",
      "type": "consumable",
      "img": "images/mushroom_drop.png",
      "codes": "mushroom_drop",
	  "max_quantity": 3
    },
    // Teapot
    {
      "name": "Teapot",
      "type": "progressive_toggle",
	  "stages": [
        {
          "img": "images/teapot.png",
		  "codes": "teapot",
          "secondary_codes": "none"
        },
        {
          "img": "images/teapot_used.png",
          "codes": "teapot",
          "secondary_codes": "used"
        }
      ]
    },

    // Black Glasses
    {
      "name": "Black Glasses",
      "type": "progressive_toggle",
	  "stages": [
        {
          "img": "images/black_glasses.png",
		  "codes": "black_glasses",
          "secondary_codes": "none"
        },
        {
          "img": "images/black_glasses_used.png",
          "codes": "black_glasses",
          "secondary_codes": "used"
        }
      ]
    },
    // Gorgon Flower
    {
      "name": "Gorgon Flower",
      "type": "progressive_toggle",
	  "stages": [
        {
          "img": "images/gorgon_flower.png",
		  "codes": "gorgon_flower",
          "secondary_codes": "none"
        },
        {
          "img": "images/gorgon_flower_used.png",
          "codes": "gorgon_flower",
          "secondary_codes": "used"
        }
      ]
    },

    // Lola's Letter
    {
      "name": "Lola's Letter",
      "type": "progressive_toggle",
	  "stages": [
        {
          "img": "images/letter_lola.png",
		  "codes": "letter_lola",
          "secondary_codes": "none"
        },
        {
          "img": "images/letter_lola_used.png",
          "codes": "letter_lola",
          "secondary_codes": "used"
        }
      ]
    },
    // Journal
    {
      "name": "Journal",
      "type": "toggle",
      "img": "images/journal.png",
      "codes": "journal"
    },
  
    // Aura
    {
      "name": "Aura",
      "type": "toggle",
      "img": "images/aura.png",
      "codes": "aura"
    },

	// Hieroglyph Count
    {
      "name": "Hieroglyph Count",
      "type": "consumable",
      "img": "images/hieroglyph.png",
      "codes": "hieroglyph_count",
      "max_quantity": 6
    },
	// Hieroglyph 1
    {
      "name": "Hieroglyph 1",
      "type": "toggle",
      "img": "images/hieroglyph_1.png",
      "codes": "hyeroglyph_1"
    },
	// Hieroglyph 2
    {
      "name": "Hieroglyph 2",
      "type": "toggle",
      "img": "images/hyeroglyph_2.png",
      "codes": "hieroglyph_2"
    },
	// Hieroglyph 3
    {
      "name": "Hieroglyph 3",
      "type": "toggle",
      "img": "images/hieroglyph_3.png",
      "codes": "hieroglyph_3"
    },
	// Hieroglyph 4
    {
      "name": "Hieroglyph 4",
      "type": "toggle",
      "img": "images/hyeroglyph_4.png",
      "codes": "hyeroglyph_4"
    },
	// Hieroglyph 5
    {
      "name": "Hieroglyph 5",
      "type": "toggle",
      "img": "images/hieroglyph_5.png",
      "codes": "hieroglyph_5"
    },
	// Hieroglyph 6
    {
      "name": "Hieroglyph 6",
      "type": "toggle",
      "img": "images/hieroglyph_6.png",
      "codes": "hieroglyph_6"
    },

    // Crystal Ring
    {
      "name": "Crystal Ring",
      "type": "toggle",
      "img": "images/crystal_ring.png",
      "codes": "crystal_ring"
    },
	
    // Psycho Dash
    {
      "name": "Psycho Dash",
      "type": "toggle",
      "img": "images/psycho_dash.png",
      "codes": "psycho_dash"
    },
    // Psycho Slide
    {
      "name": "Psycho Slide",
      "type": "progressive",
	  "stages": [
		{
			"img": "images/psycho_slide.png",
			"codes": "psycho_slide",
			"secondary_codes": "none"
		},
		{
			"img": "images/psycho_slide_powerful.png",
			"codes": "powerful_slide",
			"secondary_codes": "powerful"
		}
	  ]
    },
    // Spin Dash
    {
      "name": "Spin Dash",
      "type": "toggle",
      "img": "images/spin_dash.png",
      "codes": "spin_dash"
    },
    // Dark Friar
    {
      "name": "Dark Friar",
      "type": "progressive",
	  "stages": [
		{
			"img": "images/dark_friar.png",
			"codes": "dark_friar",
			"secondary_codes": "none"
		},
		{
			"img": "images/dark_friar_powerful.png",
			"codes": "powerful_friar",
			"secondary_codes": "powerful"
		}
	  ]
    },
    // Aura Barrier
    {
      "name": "Aura Barrier",
      "type": "toggle",
      "img": "images/aura_barrier.png",
      "codes": "aura_barrier"
    },
    // Earthquaker
    {
      "name": "Earthquaker",
      "type": "toggle",
      "img": "images/earthquaker.png",
      "codes": "earthquaker"
    },
	// Go Mode
    {
      "name": "Go Mode",
      "type": "toggle",
      "img": "images/go_mode.png",
      "codes": "go_mode"
    }
  ]