[
    // Red Jewel
    {
      "name": "Red Jewel",
      "type": "consumable",
      "img": "images/items/red_jewel.png",
      "codes": "red_jewel",
      "max_quantity": 50
    },
    // Herb
    {
      "name": "Herb",
      "type": "consumable",
      "img": "images/items/herb.png",
      "codes": "herb",
      "max_quantity": 12
    },

    // Lola's Melody
    {
      "name": "Lola's Melody",
	  "type": "progressive_toggle",
      "stages": [
        {
          "img": "images/items/melody_lola.png",
		  "codes": "melody_lola",
          "secondary_codes": "none"
        },
        {
          "img": "images/items/melody_lola_used.png",
          "codes": "melody_lola",
          "secondary_codes": "used"
        }
      ]
    },
    // Prison Key
    {
      "name": "Prison Key",
      "type": "progressive_toggle",
	  "stages": [
        {
          "img": "images/items/prison_key.png",
		  "codes": "prison_key",
          "secondary_codes": "none"
        },
        {
          "img": "images/items/prison_key_used.png",
          "codes": "prison_key",
          "secondary_codes": "used"
        }
      ]
    },
    // Large Roast
    {
      "name": "Large Roast",
      "type": "progressive_toggle",
	  "stages": [
        {
          "img": "images/items/large_roast.png",
		  "codes": "large_roast",
          "secondary_codes": "none"
        },
        {
          "img": "images/items/large_roast_given.png",
          "codes": "large_roast",
          "secondary_codes": "used"
        }
      ]
    },
  
    // Diamond Block
    {
      "name": "Diamond Block",
      "type": "progressive_toggle",
	  "stages": [
        {
          "img": "images/items/diamond_block.png",
		  "codes": "diamond_block",
          "secondary_codes": "none"
        },
        {
          "img": "images/items/diamond_block_used.png",
          "codes": "diamond_block",
          "secondary_codes": "used"
        }
      ]
    },
    // Inca Statue A
    {
      "name": "Inca Statue A",
      "type": "progressive_toggle",
	  "stages": [
        {
          "img": "images/items/inca_statue_a.png",
		  "codes": "inca_statue_a",
          "secondary_codes": "none"
        },
        {
          "img": "images/items/inca_statue_a_used.png",
          "codes": "inca_statue_a",
          "secondary_codes": "used"
        }
      ]
    },
    // Inca Statue B
    {
      "name": "Inca Statue B",
      "type": "progressive_toggle",
	  "stages": [
        {
          "img": "images/items/inca_statue_b.png",
		  "codes": "inca_statue_b",
          "secondary_codes": "none"
        },
        {
          "img": "images/items/inca_statue_b_used.png",
          "codes": "inca_statue_b",
          "secondary_codes": "used"
        }
      ]
    },
	// Wind Melody
    {
      "name": "Wind Melody",
      "type": "progressive_toggle",
	  "stages": [
        {
          "img": "images/items/melody_wind.png",
		  "codes": "melody_wind",
          "secondary_codes": "none"
        },
        {
          "img": "images/items/melody_wind_used.png",
          "codes": "melody_wind",
          "secondary_codes": "used"
        }
      ]
    },

    // Mine Key A
    {
      "name": "Mine Key A",
      "type": "progressive_toggle",
	  "stages": [
        {
          "img": "images/items/mine_key_a.png",
		  "codes": "mine_key_a",
          "secondary_codes": "none"
        },
        {
          "img": "images/items/mine_key_a_used.png",
          "codes": "mine_key_a",
          "secondary_codes": "used"
        }
      ]
    },
	// Mine Key B
    {
      "name": "Mine Key B",
      "type": "progressive_toggle",
	  "stages": [
        {
          "img": "images/items/mine_key_b.png",
		  "codes": "mine_key_b",
          "secondary_codes": "none"
        },
        {
          "img": "images/items/mine_key_b_used.png",
          "codes": "mine_key_b",
          "secondary_codes": "used"
        }
      ]
    },
    // Elevator Key
    {
      "name": "Elevator Key",
      "type": "progressive_toggle",
	  "stages": [
        {
          "img": "images/items/elevator_key.png",
		  "codes": "elevator_key",
          "secondary_codes": "none"
        },
        {
          "img": "images/items/elevator_key_used.png",
          "codes": "elevator_key",
          "secondary_codes": "used"
        }
      ]
    },
    // Memory Melody
    {
      "name": "Memory Melody",
      "type": "progressive_toggle",
	  "stages": [
        {
          "img": "images/items/melody_memory.png",
		  "codes": "melody_memory",
          "secondary_codes": "none"
        },
        {
          "img": "images/items/melody_memory_used.png",
          "codes": "melody_memory",
          "secondary_codes": "used"
        }
      ]
    },
  
    // Crystal Ball
    {
      "name": "Crystal Ball",
      "type": "consumable",
      "img": "images/items/crystal_ball.png",
      "codes": "crystal_ball",
      "max_quantity": 4
    },
	
    // Purity Stone
    {
      "name": "Purity Stone",
      "type": "progressive_toggle",
	  "stages": [
        {
          "img": "images/items/purity_stone.png",
		  "codes": "purity_stone",
          "secondary_codes": "none"
        },
        {
          "img": "images/items/purity_stone_used.png",
          "codes": "purity_stone",
          "secondary_codes": "used"
        }
      ]
    },
    // Mu Key
    {
      "name": "Mu Key",
      "type": "progressive_toggle",
	  "stages": [
        {
          "img": "images/items/mu_key.png",
		  "codes": "mu_key",
          "secondary_codes": "none"
        },
        {
          "img": "images/items/mu_key_used.png",
          "codes": "mu_key",
          "secondary_codes": "used"
        }
      ]
    },
  
    // Hope Statue
    {
      "name": "Hope Statue",
      "type": "consumable",
      "img": "images/items/hope_statue.png",
      "codes": "hope_statue",
	  "max_quantity": 2
    },
    // Rama Statue
    {
      "name": "Rama Statue",
      "type": "consumable",
      "img": "images/items/rama_statue.png",
      "codes": "rama_statue",
	  "max_quantity": 2
    },

    // Magic Dust
    {
      "name": "Magic Dust",
      "type": "toggle",
      "img": "images/items/magic_dust.png",
      "codes": "magic_dust"
    },

    // Lance's Letter
    {
      "name": "Lance Letter",
      "type": "toggle",
      "img": "images/items/letter_lance.png",
      "codes": "letter_lance"
    },
    // Necklace
    {
      "name": "Necklace",
      "type": "progressive_toggle",
	  "stages": [
        {
          "img": "images/items/necklace.png",
		  "codes": "necklace",
          "secondary_codes": "none"
        },
        {
          "img": "images/items/necklace_given.png",
          "codes": "necklace",
          "secondary_codes": "used"
        }
      ]
    },
    // Will
    {
      "name": "Will",
      "type": "progressive_toggle",
	  "stages": [
        {
          "img": "images/items/will.png",
		  "codes": "will",
          "secondary_codes": "none"
        },
        {
          "img": "images/items/will_used.png",
          "codes": "will",
          "secondary_codes": "used"
        }
      ]
    },

    // Apple
    {
      "name": "Apple",
      "type": "progressive_toggle",
	  "stages": [
        {
          "img": "images/items/apple.png",
		  "codes": "apple",
          "secondary_codes": "none"
        },
        {
          "img": "images/items/apple_used.png",
          "codes": "apple",
          "secondary_codes": "used"
        }
      ]
    },
    // Mushroom Drop
    {
      "name": "Mushroom Drop",
      "type": "consumable",
      "img": "images/items/mushroom_drop.png",
      "codes": "mushroom_drop",
	  "max_quantity": 3
    },
    // Teapot
    {
      "name": "Teapot",
      "type": "progressive_toggle",
	  "stages": [
        {
          "img": "images/items/teapot.png",
		  "codes": "teapot",
          "secondary_codes": "none"
        },
        {
          "img": "images/items/teapot_used.png",
          "codes": "teapot",
          "secondary_codes": "used"
        }
      ]
    },

    // Black Glasses
    {
      "name": "Black Glasses",
      "type": "progressive_toggle",
	  "stages": [
        {
          "img": "images/items/black_glasses.png",
		  "codes": "black_glasses",
          "secondary_codes": "none"
        },
        {
          "img": "images/items/black_glasses_used.png",
          "codes": "black_glasses",
          "secondary_codes": "used"
        }
      ]
    },
    // Gorgon Flower
    {
      "name": "Gorgon Flower",
      "type": "progressive_toggle",
	  "stages": [
        {
          "img": "images/items/gorgon_flower.png",
		  "codes": "gorgon_flower",
          "secondary_codes": "none"
        },
        {
          "img": "images/items/gorgon_flower_used.png",
          "codes": "gorgon_flower",
          "secondary_codes": "used"
        }
      ]
    },

    // Lola's Letter
    {
      "name": "Lola's Letter",
      "type": "progressive_toggle",
	  "stages": [
        {
          "img": "images/items/letter_lola.png",
		  "codes": "letter_lola",
          "secondary_codes": "none"
        },
        {
          "img": "images/items/letter_lola_used.png",
          "codes": "letter_lola",
          "secondary_codes": "used"
        }
      ]
    },
    // Journal
    {
      "name": "Journal",
      "type": "progressive_toggle",
	  "stages": [
			{
				"img": "images/items/journal.png",
				"codes": "journal",
				"secondary_codes": "none"
			},
			{
				"img": "images/items/journal_given.png",
				"codes": "journal",
				"secondary_codes": "used"
			}
		]
    },
  
    // Aura
    {
      "name": "Aura",
      "type": "toggle",
      "img": "images/items/aura.png",
      "codes": "aura"
    },

	// Hieroglyph Count
    {
      "name": "Hieroglyph Count",
      "type": "consumable",
      "img": "images/items/hieroglyph.png",
      "codes": "hieroglyph_count",
      "max_quantity": 6
    },
	// Hieroglyph 1
    {
      "name": "Hieroglyph 1",
      "type": "toggle",
      "img": "images/items/hieroglyph_1.png",
      "codes": "hyeroglyph_1"
    },
	// Hieroglyph 2
    {
      "name": "Hieroglyph 2",
      "type": "toggle",
      "img": "images/items/hyeroglyph_2.png",
      "codes": "hieroglyph_2"
    },
	// Hieroglyph 3
    {
      "name": "Hieroglyph 3",
      "type": "toggle",
      "img": "images/items/hieroglyph_3.png",
      "codes": "hieroglyph_3"
    },
	// Hieroglyph 4
    {
      "name": "Hieroglyph 4",
      "type": "toggle",
      "img": "images/items/hyeroglyph_4.png",
      "codes": "hyeroglyph_4"
    },
	// Hieroglyph 5
    {
      "name": "Hieroglyph 5",
      "type": "toggle",
      "img": "images/items/hieroglyph_5.png",
      "codes": "hieroglyph_5"
    },
	// Hieroglyph 6
    {
      "name": "Hieroglyph 6",
      "type": "toggle",
      "img": "images/items/hieroglyph_6.png",
      "codes": "hieroglyph_6"
    },

    // Crystal Ring
    {
      "name": "Crystal Ring",
      "type": "toggle",
      "img": "images/items/crystal_ring.png",
      "codes": "crystal_ring"
    }
  ]