[
	// South West Continent
    {
        "name": "South West Continent",
        "group": "South West Continent",
		"chest_unopened_img": "images/icons/chest_unopened.png",
		"chest_opened_img": "images/icons/chest_opened.png",
        "children": [
			// South Cape
			{
				"name": "South Cape",
				"sections": [
					{
						"name": "City",
						"clear_as_group": false,
						"item_count": 4
					},
				],
			
				"map_locations": [
					{
						"map": "world",
						"x": 190,
						"y": 935
					},
					{
						"map": "south_west",
						"x": 225,
						"y": 485
					}
				],

				"children": [
					{
						"name": "South Cape - Dark Spaces",
						"chest_unopened_img": "images/icons/dark_space.png",
						"chest_opened_img": "images/icons/dark_space_visited.png",
						"access_rules": [ "setting_dark_spaces_all" ],
						"sections": [
							{
								"name": "Church roof",
								"item_count": 1
							}
						],
						"map_locations": [
							{
								"map": "world",
								"x": 230,
								"y": 935
							},
							{
								"map": "south_west",
								"x": 265,
								"y": 485
							},
							{
								"map": "south_cape",
								"x": 140,
								"y": 45
							}
						]
					}
				]
			},

			// Edward's Castle
			{
				"name": "Edward's Castle",
				"sections": [
					{
						"name": "Castle",
						"clear_as_group": false,
						"item_count": 2
					}
				],
				"map_locations": [
					{
						"map": "world",
						"x": 220,
						"y": 810
					},
					{
						"map": "south_west",
						"x": 280,
						"y": 345
					}
				]
			},
			
			// Itory
			{
				"name": "Itory",
				"access_rules": [
					"melody_lola"
				],
				"map_locations": [
					{
						"map": "world",
						"x": 185,
						"y": 680
					},
					{
						"map": "south_west",
						"x": 215,
						"y": 190
					}
				],
				"sections": [
					{
						"name": "City",
						"clear_as_group": false,
						"item_count": 1
					},
					{
						"name": "Cave",
						"clear_as_group": false,
						"access_rules": [ 
							"@logic/will ability"
						],
						"item_count": 1
					}
				],
				"children": [
					{
						"name": "Itory - Dark Spaces",
						"chest_unopened_img": "images/icons/dark_space.png",
						"chest_opened_img": "images/icons/dark_space_visited.png",
						"access_rules": [ "setting_dark_spaces_all" ],
						"sections": [
							{
								"name": "City",
								"item_count": 1
							}
						],
						"map_locations": [
							{
								"map": "world",
								"x": 225,
								"y": 680
							},
							{
								"map": "south_west",
								"x": 255,
								"y": 190
							}
						]
					}
				]
			},
			
			// Moon Tribe
			{
				"name": "Moon Tribe",
				"map_locations": [
					{
						"map": "world",
						"x": 145,
						"y": 585
					},
					{
						"map": "south_west",
						"x": 140,
						"y": 80
					}
				],
				"sections": [
					{
						"name": "Trial",
						"clear_as_group": false,
						"access_rules": [
							"@logic/will ability"
						],
						"item_count": 1
					}
				]
			},
			
			// Gold Ship
			{
				"name": "Gold Ship",
				"map_locations": [
					{
						"map": "world",
						"x": 365,
						"y": 630
					},
					{
						"map": "south_west",
						"x": 430,
						"y": 135
					}
				],
				"sections": [
					{
						"name": "Ship",
						"clear_as_group": false,
						"access_rules": [
							"diamond_block, @logic/will ability, melody_wind, @logic/incan statues"
						],
						"item_count": 1
					}
				]
			}
		]
	}
]