[
	// South West Continent
    {
        "name": "South West Continent",
        "group": "South West Continent",
		"chest_unopened_img": "images/icons/chest_unopened.png",
		"chest_opened_img": "images/icons/chest_opened.png",
        "children": [
			// Edward's Prison
			{
				"name": "Edward's Prison",
				"sections": [
					{
						"name": "Prison",
						"clear_as_group": false,
						"item_count": 1
					},
					{
						"name": "Tunnel",
						"clear_as_group": false,
						"access_rules": [
							"prison_key"
						],
						"item_count": 2
					},
					{
						"name": "Sewer",
						"clear_as_group": false,
						"access_rules": [
							"prison_key, @logic/lily"
						],
						"item_count": 2
					}
				],
				"map_locations": [
					{
						"map": "world",
						"x": 260,
						"y": 810
					},
					{
						"map": "south_west",
						"x": 320,
						"y": 345
					}
				],
				"children": [
					{
						"name": "Edward's Prison - Dark Spaces",
						"chest_unopened_img": "images/icons/dark_space.png",
						"chest_opened_img": "images/icons/dark_space_visited.png",
						"access_rules": [ "setting_dark_spaces_dungeons", "setting_dark_spaces_all" ],
						"sections": [
							{
								"name": "Prison",
								"item_count": 1
							},
							{
								"name": "Sewer",
								"access_rules": [ "prison_key, @logic/lily" ],
								"item_count": 1
							}
						],
						"map_locations": [
							{
								"map": "world",
								"x": 300,
								"y": 810
							},
							{
								"map": "south_west",
								"x": 360,
								"y": 345
							}
						]
					},
					{
						"name": "Edward's Prison - Kara's Paint",
						"access_rules": [
							"kara_edwards_castle"
						],
						"sections": [
							{
								"name": "Kara's Paint",
								"access_rules": [
									"prison_key, @logic/lily, magic_dust"
								],
								"hosted_item": "save_kara"
							}
						],
						"map_locations": [
							{
								"map": "world",
								"x": 260,
								"y": 770
							},
							{
								"map": "south_west",
								"x": 320,
								"y": 305
							}
						]
					}
				]
			},

			// Incan Ruins
			{
				"name": "Incan Ruins",
				"short_name": "Inca",
				"map_locations": [
					{
						"map": "world",
						"x": 285,
						"y": 630
					},
					{
						"map": "south_west",
						"x": 350,
						"y": 135
					}
				],
				"sections": [
					{
						"name": "Entrance",
						"clear_as_group": false,
						"item_count": 1
					},
					{
						"name": "Cliffs",
						"clear_as_group": false,
						"access_rules": [
							"diamond_block, @logic/will ability"
						],
						"item_count": 4
					},
					{
						"name": "Castoth",
						"access_rules": [
							"diamond_block, @logic/will ability, melody_wind, @logic/incan statues"
						],
						"hosted_item": "mystic_statue_1"
					}
				],
				"children": [
					{
						"name": "Incan Ruins - Dark Spaces",
						"chest_unopened_img": "images/icons/dark_space.png",
						"chest_opened_img": "images/icons/dark_space_visited.png",
						"access_rules": [ "setting_dark_spaces_dungeons", "setting_dark_spaces_all" ],
						"sections": [
							{
								"name": "Cliffs",
								"clear_as_group": false,
								"access_rules": [
									"diamond_block, @logic/will ability"
								],
								"item_count": 2
							},
							{
								"name": "Pedestals Cliff",
								"access_rules": [
									"diamond_block, @logic/will ability, melody_wind"
								],
								"item_count": 1
							}
						],
						"map_locations": [
							{
								"map": "world",
								"x": 325,
								"y": 630
							},
							{
								"map": "south_west",
								"x": 390,
								"y": 135
							}
						]
					}
				]
			}
		]
	}
]